Setting parameter time_limit to 3.000000e+02
cuOpt version: 25.10.1, git hash: 876fcfc, host arch: x86_64, device archs: 70-real,75-real,80-real,86-real,90a-real,100f-real,120a-real,120
CPU: Intel(R) Core(TM) i7-14700K, threads (physical/logical): 20/28, RAM: 12.15 GiB
CUDA 12.9, device: NVIDIA GeForce RTX 5070 Ti (ID 0), VRAM: 15.46 GiB
CUDA device UUID: 4bffffffbf6effffff8f-3a60-0c50-136c-

Solving a problem with 10100 constraints, 10100 variables (10100 integers), and 30000 nonzeros
Problem scaling:
Objective coefficents range:          [5e+01, 8e+03]
Constraint matrix coefficients range: [1e+00, 1e+00]
Constraint rhs / bounds range:        [0e+00, 1e+00]
Variable bounds range:                [0e+00, 1e+00]

Original problem: 10100 constraints, 10100 variables, 30000 nonzeros
Calling Papilo presolver
Presolve status: did not result in any changes
Presolve removed: 0 constraints, 0 variables, 0 nonzeros
Presolved problem: 10100 constraints, 10100 variables, 30000 nonzeros
Papilo presolve time: 0.035528
Objective offset 0.000000 scaling_factor 1.000000
Running presolve!
After trivial presolve: 10100 constraints, 10100 variables, objective offset 0.000000.
Using 27 CPU threads for B&B
Solving LP root relaxation
Scaling matrix. Maximum column norm 7.071068e+00
Dual Simplex Phase 1
Dual feasible solution found.
Dual Simplex Phase 2
 Iter     Objective           Num Inf.  Sum Inf.     Perturb  Time
    1 +0.0000000000000000e+00     100 1.49000000e+00 0.00e+00 0.01
Removed perturbation of 1.10e-06.

Root relaxation solution found in 724 iterations and 0.02s
Root relaxation objective +9.58680000e+04

Optimal solution found at root node. Objective 9.5868000000000000e+04. Time 0.02.
Post-solve status: succeeded
Solution objective: 95868.000000 , relative_mip_gap 0.000000 solution_bound 95868.000000 presolve_time 0.037682 total_solve_time 1.649470 max constraint violation 0.000000 max int violation 0.000000 max var bounds violation 0.000000 nodes 0 simplex_iterations 724
Setting parameter time_limit to 3.000000e+02
cuOpt version: 25.10.1, git hash: 876fcfc, host arch: x86_64, device archs: 70-real,75-real,80-real,86-real,90a-real,100f-real,120a-real,120
CPU: Intel(R) Core(TM) i7-14700K, threads (physical/logical): 20/28, RAM: 11.90 GiB
CUDA 12.9, device: NVIDIA GeForce RTX 5070 Ti (ID 0), VRAM: 15.46 GiB
CUDA device UUID: 4bffffffbf6effffff8f-3a60-0c50-136c-

Solving a problem with 10100 constraints, 10100 variables (10100 integers), and 30000 nonzeros
Problem scaling:
Objective coefficents range:          [2e+01, 9e+03]
Constraint matrix coefficients range: [1e+00, 1e+00]
Constraint rhs / bounds range:        [0e+00, 1e+00]
Variable bounds range:                [0e+00, 1e+00]

Original problem: 10100 constraints, 10100 variables, 30000 nonzeros
Calling Papilo presolver
Presolve status: did not result in any changes
Presolve removed: 0 constraints, 0 variables, 0 nonzeros
Presolved problem: 10100 constraints, 10100 variables, 30000 nonzeros
Papilo presolve time: 0.013638
Objective offset 0.000000 scaling_factor 1.000000
Running presolve!
After trivial presolve: 10100 constraints, 10100 variables, objective offset 0.000000.
Using 7 CPU threads for B&B
Solving LP root relaxation
Scaling matrix. Maximum column norm 7.071068e+00
Dual Simplex Phase 1
Dual feasible solution found.
Dual Simplex Phase 2
 Iter     Objective           Num Inf.  Sum Inf.     Perturb  Time
    1 +0.0000000000000000e+00     100 1.49000000e+00 0.00e+00 0.01

Root relaxation solution found in 698 iterations and 0.01s
Root relaxation objective +9.71810000e+04

Optimal solution found at root node. Objective 9.7181000000000000e+04. Time 0.01.
Post-solve status: succeeded
Solution objective: 97181.000000 , relative_mip_gap 0.000000 solution_bound 97181.000000 presolve_time 0.013993 total_solve_time 1.588636 max constraint violation 0.000000 max int violation 0.000000 max var bounds violation 0.000000 nodes 0 simplex_iterations 698
Setting parameter time_limit to 3.000000e+02
cuOpt version: 25.10.1, git hash: 876fcfc, host arch: x86_64, device archs: 70-real,75-real,80-real,86-real,90a-real,100f-real,120a-real,120
CPU: Intel(R) Core(TM) i7-14700K, threads (physical/logical): 20/28, RAM: 11.89 GiB
CUDA 12.9, device: NVIDIA GeForce RTX 5070 Ti (ID 0), VRAM: 15.46 GiB
CUDA device UUID: 4bffffffbf6effffff8f-3a60-0c50-136c-

Solving a problem with 10100 constraints, 10100 variables (10100 integers), and 30000 nonzeros
Problem scaling:
Objective coefficents range:          [2e+01, 9e+03]
Constraint matrix coefficients range: [1e+00, 1e+00]
Constraint rhs / bounds range:        [0e+00, 1e+00]
Variable bounds range:                [0e+00, 1e+00]

Original problem: 10100 constraints, 10100 variables, 30000 nonzeros
Calling Papilo presolver
Presolve status: did not result in any changes
Presolve removed: 0 constraints, 0 variables, 0 nonzeros
Presolved problem: 10100 constraints, 10100 variables, 30000 nonzeros
Papilo presolve time: 0.014162
Objective offset 0.000000 scaling_factor 1.000000
Running presolve!
After trivial presolve: 10100 constraints, 10100 variables, objective offset 0.000000.
Using 7 CPU threads for B&B
Solving LP root relaxation
Scaling matrix. Maximum column norm 7.071068e+00
Dual Simplex Phase 1
Dual feasible solution found.
Dual Simplex Phase 2
 Iter     Objective           Num Inf.  Sum Inf.     Perturb  Time
    1 +0.0000000000000000e+00     100 1.49000000e+00 0.00e+00 0.01

Root relaxation solution found in 732 iterations and 0.01s
Root relaxation objective +9.61160000e+04

Optimal solution found at root node. Objective 9.6116000000000000e+04. Time 0.01.
Post-solve status: succeeded
Solution objective: 96116.000000 , relative_mip_gap 0.000000 solution_bound 96116.000000 presolve_time 0.014520 total_solve_time 1.588758 max constraint violation 0.000000 max int violation 0.000000 max var bounds violation 0.000000 nodes 0 simplex_iterations 732
Setting parameter time_limit to 3.000000e+02
cuOpt version: 25.10.1, git hash: 876fcfc, host arch: x86_64, device archs: 70-real,75-real,80-real,86-real,90a-real,100f-real,120a-real,120
CPU: Intel(R) Core(TM) i7-14700K, threads (physical/logical): 20/28, RAM: 11.89 GiB
CUDA 12.9, device: NVIDIA GeForce RTX 5070 Ti (ID 0), VRAM: 15.46 GiB
CUDA device UUID: 4bffffffbf6effffff8f-3a60-0c50-136c-

Solving a problem with 10100 constraints, 10100 variables (10100 integers), and 30000 nonzeros
Problem scaling:
Objective coefficents range:          [3e+01, 9e+03]
Constraint matrix coefficients range: [1e+00, 1e+00]
Constraint rhs / bounds range:        [0e+00, 1e+00]
Variable bounds range:                [0e+00, 1e+00]

Original problem: 10100 constraints, 10100 variables, 30000 nonzeros
Calling Papilo presolver
Presolve status: did not result in any changes
Presolve removed: 0 constraints, 0 variables, 0 nonzeros
Presolved problem: 10100 constraints, 10100 variables, 30000 nonzeros
Papilo presolve time: 0.014852
Objective offset 0.000000 scaling_factor 1.000000
Running presolve!
After trivial presolve: 10100 constraints, 10100 variables, objective offset 0.000000.
Using 7 CPU threads for B&B
Solving LP root relaxation
Scaling matrix. Maximum column norm 7.071068e+00
Dual Simplex Phase 1
Dual feasible solution found.
Dual Simplex Phase 2
 Iter     Objective           Num Inf.  Sum Inf.     Perturb  Time
    1 +0.0000000000000000e+00     100 1.49000000e+00 0.00e+00 0.01

Root relaxation solution found in 688 iterations and 0.02s
Root relaxation objective +9.85280000e+04

Optimal solution found at root node. Objective 9.8528000000000000e+04. Time 0.02.
Post-solve status: succeeded
Solution objective: 98528.000000 , relative_mip_gap 0.000000 solution_bound 98528.000000 presolve_time 0.015220 total_solve_time 1.675147 max constraint violation 0.000000 max int violation 0.000000 max var bounds violation 0.000000 nodes 0 simplex_iterations 688
Setting parameter time_limit to 3.000000e+02
cuOpt version: 25.10.1, git hash: 876fcfc, host arch: x86_64, device archs: 70-real,75-real,80-real,86-real,90a-real,100f-real,120a-real,120
CPU: Intel(R) Core(TM) i7-14700K, threads (physical/logical): 20/28, RAM: 11.89 GiB
CUDA 12.9, device: NVIDIA GeForce RTX 5070 Ti (ID 0), VRAM: 15.46 GiB
CUDA device UUID: 4bffffffbf6effffff8f-3a60-0c50-136c-

Solving a problem with 10100 constraints, 10100 variables (10100 integers), and 30000 nonzeros
Problem scaling:
Objective coefficents range:          [4e+01, 9e+03]
Constraint matrix coefficients range: [1e+00, 1e+00]
Constraint rhs / bounds range:        [0e+00, 1e+00]
Variable bounds range:                [0e+00, 1e+00]

Original problem: 10100 constraints, 10100 variables, 30000 nonzeros
Calling Papilo presolver
Presolve status: did not result in any changes
Presolve removed: 0 constraints, 0 variables, 0 nonzeros
Presolved problem: 10100 constraints, 10100 variables, 30000 nonzeros
Papilo presolve time: 0.014106
Objective offset 0.000000 scaling_factor 1.000000
Running presolve!
After trivial presolve: 10100 constraints, 10100 variables, objective offset 0.000000.
Using 7 CPU threads for B&B
Solving LP root relaxation
Scaling matrix. Maximum column norm 7.071068e+00
Dual Simplex Phase 1
Dual feasible solution found.
Dual Simplex Phase 2
 Iter     Objective           Num Inf.  Sum Inf.     Perturb  Time
    1 +0.0000000000000000e+00     100 1.49000000e+00 0.00e+00 0.01

Root relaxation solution found in 701 iterations and 0.02s
Root relaxation objective +9.98800000e+04

Optimal solution found at root node. Objective 9.9880000000000000e+04. Time 0.02.
Post-solve status: succeeded
Solution objective: 99880.000000 , relative_mip_gap 0.000000 solution_bound 99880.000000 presolve_time 0.014467 total_solve_time 1.666874 max constraint violation 0.000000 max int violation 0.000000 max var bounds violation 0.000000 nodes 0 simplex_iterations 701
Setting parameter time_limit to 3.000000e+02
cuOpt version: 25.10.1, git hash: 876fcfc, host arch: x86_64, device archs: 70-real,75-real,80-real,86-real,90a-real,100f-real,120a-real,120
CPU: Intel(R) Core(TM) i7-14700K, threads (physical/logical): 20/28, RAM: 11.90 GiB
CUDA 12.9, device: NVIDIA GeForce RTX 5070 Ti (ID 0), VRAM: 15.46 GiB
CUDA device UUID: 4bffffffbf6effffff8f-3a60-0c50-136c-

Solving a problem with 10100 constraints, 10100 variables (10100 integers), and 30000 nonzeros
Problem scaling:
Objective coefficents range:          [6e+01, 9e+03]
Constraint matrix coefficients range: [1e+00, 1e+00]
Constraint rhs / bounds range:        [0e+00, 1e+00]
Variable bounds range:                [0e+00, 1e+00]

Original problem: 10100 constraints, 10100 variables, 30000 nonzeros
Calling Papilo presolver
Presolve status: did not result in any changes
Presolve removed: 0 constraints, 0 variables, 0 nonzeros
Presolved problem: 10100 constraints, 10100 variables, 30000 nonzeros
Papilo presolve time: 0.015332
Objective offset 0.000000 scaling_factor 1.000000
Running presolve!
After trivial presolve: 10100 constraints, 10100 variables, objective offset 0.000000.
Using 7 CPU threads for B&B
Solving LP root relaxation
Scaling matrix. Maximum column norm 7.071068e+00
Dual Simplex Phase 1
Dual feasible solution found.
Dual Simplex Phase 2
 Iter     Objective           Num Inf.  Sum Inf.     Perturb  Time
    1 +0.0000000000000000e+00     100 1.49000000e+00 0.00e+00 0.01
Removed perturbation of 1.00e-06.

Root relaxation solution found in 709 iterations and 0.01s
Root relaxation objective +9.64600000e+04

Optimal solution found at root node. Objective 9.6459999999999971e+04. Time 0.02.
Post-solve status: succeeded
Solution objective: 96460.000000 , relative_mip_gap 0.000000 solution_bound 96460.000000 presolve_time 0.015697 total_solve_time 1.604991 max constraint violation 0.000000 max int violation 0.000000 max var bounds violation 0.000000 nodes 0 simplex_iterations 709
Setting parameter time_limit to 3.000000e+02
cuOpt version: 25.10.1, git hash: 876fcfc, host arch: x86_64, device archs: 70-real,75-real,80-real,86-real,90a-real,100f-real,120a-real,120
CPU: Intel(R) Core(TM) i7-14700K, threads (physical/logical): 20/28, RAM: 11.91 GiB
CUDA 12.9, device: NVIDIA GeForce RTX 5070 Ti (ID 0), VRAM: 15.46 GiB
CUDA device UUID: 4bffffffbf6effffff8f-3a60-0c50-136c-

Solving a problem with 10100 constraints, 10100 variables (10100 integers), and 30000 nonzeros
Problem scaling:
Objective coefficents range:          [4e+01, 9e+03]
Constraint matrix coefficients range: [1e+00, 1e+00]
Constraint rhs / bounds range:        [0e+00, 1e+00]
Variable bounds range:                [0e+00, 1e+00]

Original problem: 10100 constraints, 10100 variables, 30000 nonzeros
Calling Papilo presolver
Presolve status: did not result in any changes
Presolve removed: 0 constraints, 0 variables, 0 nonzeros
Presolved problem: 10100 constraints, 10100 variables, 30000 nonzeros
Papilo presolve time: 0.013977
Objective offset 0.000000 scaling_factor 1.000000
Running presolve!
After trivial presolve: 10100 constraints, 10100 variables, objective offset 0.000000.
Using 7 CPU threads for B&B
Solving LP root relaxation
Scaling matrix. Maximum column norm 7.071068e+00
Dual Simplex Phase 1
Dual feasible solution found.
Dual Simplex Phase 2
 Iter     Objective           Num Inf.  Sum Inf.     Perturb  Time
    1 +0.0000000000000000e+00     100 1.49000000e+00 0.00e+00 0.01
Removed perturbation of 1.50e-06.

Root relaxation solution found in 739 iterations and 0.02s
Root relaxation objective +9.92130000e+04

Strong branching using 7 threads and 34 fractional variables
Exploring the B&B tree using 1 best-first threads and 6 diving threads (7 threads)
 | Explored | Unexplored |    Objective    |     Bound     | Depth | Iter/Node |   Gap    |  Time  |
B         2            0    +9.923900e+04    +9.921300e+04        1   3.7e+02      0.0%      0.04
Explored 2 nodes in 0.04s.
Absolute Gap 0.000000e+00 Objective 9.9239000000000000e+04 Lower Bound 9.9239000000000000e+04
Optimal solution found.
Post-solve status: succeeded
Solution objective: 99239.000000 , relative_mip_gap 0.000000 solution_bound 99239.000000 presolve_time 0.014339 total_solve_time 1.580605 max constraint violation 0.000000 max int violation 0.000000 max var bounds violation 0.000000 nodes 2 simplex_iterations 750
Setting parameter time_limit to 3.000000e+02
cuOpt version: 25.10.1, git hash: 876fcfc, host arch: x86_64, device archs: 70-real,75-real,80-real,86-real,90a-real,100f-real,120a-real,120
CPU: Intel(R) Core(TM) i7-14700K, threads (physical/logical): 20/28, RAM: 11.87 GiB
CUDA 12.9, device: NVIDIA GeForce RTX 5070 Ti (ID 0), VRAM: 15.46 GiB
CUDA device UUID: 4bffffffbf6effffff8f-3a60-0c50-136c-

Solving a problem with 10100 constraints, 10100 variables (10100 integers), and 30000 nonzeros
Problem scaling:
Objective coefficents range:          [9e+01, 9e+03]
Constraint matrix coefficients range: [1e+00, 1e+00]
Constraint rhs / bounds range:        [0e+00, 1e+00]
Variable bounds range:                [0e+00, 1e+00]

Original problem: 10100 constraints, 10100 variables, 30000 nonzeros
Calling Papilo presolver
Presolve status: did not result in any changes
Presolve removed: 0 constraints, 0 variables, 0 nonzeros
Presolved problem: 10100 constraints, 10100 variables, 30000 nonzeros
Papilo presolve time: 0.013721
Objective offset 0.000000 scaling_factor 1.000000
Running presolve!
After trivial presolve: 10100 constraints, 10100 variables, objective offset 0.000000.
Using 7 CPU threads for B&B
Solving LP root relaxation
Scaling matrix. Maximum column norm 7.071068e+00
Dual Simplex Phase 1
Dual feasible solution found.
Dual Simplex Phase 2
 Iter     Objective           Num Inf.  Sum Inf.     Perturb  Time
    1 +0.0000000000000000e+00     100 1.49000000e+00 0.00e+00 0.01

Root relaxation solution found in 649 iterations and 0.02s
Root relaxation objective +9.84860000e+04

Optimal solution found at root node. Objective 9.8486000000000000e+04. Time 0.02.
Post-solve status: succeeded
Solution objective: 98486.000000 , relative_mip_gap 0.000000 solution_bound 98486.000000 presolve_time 0.014077 total_solve_time 1.581534 max constraint violation 0.000000 max int violation 0.000000 max var bounds violation 0.000000 nodes 0 simplex_iterations 649
Setting parameter time_limit to 3.000000e+02
cuOpt version: 25.10.1, git hash: 876fcfc, host arch: x86_64, device archs: 70-real,75-real,80-real,86-real,90a-real,100f-real,120a-real,120
CPU: Intel(R) Core(TM) i7-14700K, threads (physical/logical): 20/28, RAM: 11.88 GiB
CUDA 12.9, device: NVIDIA GeForce RTX 5070 Ti (ID 0), VRAM: 15.46 GiB
CUDA device UUID: 4bffffffbf6effffff8f-3a60-0c50-136c-

Solving a problem with 10100 constraints, 10100 variables (10100 integers), and 30000 nonzeros
Problem scaling:
Objective coefficents range:          [5e+01, 9e+03]
Constraint matrix coefficients range: [1e+00, 1e+00]
Constraint rhs / bounds range:        [0e+00, 1e+00]
Variable bounds range:                [0e+00, 1e+00]

Original problem: 10100 constraints, 10100 variables, 30000 nonzeros
Calling Papilo presolver
Presolve status: did not result in any changes
Presolve removed: 0 constraints, 0 variables, 0 nonzeros
Presolved problem: 10100 constraints, 10100 variables, 30000 nonzeros
Papilo presolve time: 0.014597
Objective offset 0.000000 scaling_factor 1.000000
Running presolve!
After trivial presolve: 10100 constraints, 10100 variables, objective offset 0.000000.
Using 7 CPU threads for B&B
Solving LP root relaxation
Scaling matrix. Maximum column norm 7.071068e+00
Dual Simplex Phase 1
Dual feasible solution found.
Dual Simplex Phase 2
 Iter     Objective           Num Inf.  Sum Inf.     Perturb  Time
    1 +0.0000000000000000e+00     100 1.49000000e+00 0.00e+00 0.01

Root relaxation solution found in 694 iterations and 0.02s
Root relaxation objective +9.75780000e+04

Optimal solution found at root node. Objective 9.7578000000000000e+04. Time 0.02.
Post-solve status: succeeded
Solution objective: 97578.000000 , relative_mip_gap 0.000000 solution_bound 97578.000000 presolve_time 0.014956 total_solve_time 1.582196 max constraint violation 0.000000 max int violation 0.000000 max var bounds violation 0.000000 nodes 0 simplex_iterations 694
Setting parameter time_limit to 3.000000e+02
cuOpt version: 25.10.1, git hash: 876fcfc, host arch: x86_64, device archs: 70-real,75-real,80-real,86-real,90a-real,100f-real,120a-real,120
CPU: Intel(R) Core(TM) i7-14700K, threads (physical/logical): 20/28, RAM: 11.87 GiB
CUDA 12.9, device: NVIDIA GeForce RTX 5070 Ti (ID 0), VRAM: 15.46 GiB
CUDA device UUID: 4bffffffbf6effffff8f-3a60-0c50-136c-

Solving a problem with 10100 constraints, 10100 variables (10100 integers), and 30000 nonzeros
Problem scaling:
Objective coefficents range:          [2e+01, 9e+03]
Constraint matrix coefficients range: [1e+00, 1e+00]
Constraint rhs / bounds range:        [0e+00, 1e+00]
Variable bounds range:                [0e+00, 1e+00]

Original problem: 10100 constraints, 10100 variables, 30000 nonzeros
Calling Papilo presolver
Presolve status: did not result in any changes
Presolve removed: 0 constraints, 0 variables, 0 nonzeros
Presolved problem: 10100 constraints, 10100 variables, 30000 nonzeros
Papilo presolve time: 0.013361
Objective offset 0.000000 scaling_factor 1.000000
Running presolve!
After trivial presolve: 10100 constraints, 10100 variables, objective offset 0.000000.
Using 7 CPU threads for B&B
Solving LP root relaxation
Scaling matrix. Maximum column norm 7.071068e+00
Dual Simplex Phase 1
Dual feasible solution found.
Dual Simplex Phase 2
 Iter     Objective           Num Inf.  Sum Inf.     Perturb  Time
    1 +0.0000000000000000e+00     100 1.49000000e+00 0.00e+00 0.01

Root relaxation solution found in 643 iterations and 0.02s
Root relaxation objective +1.00189000e+05

Optimal solution found at root node. Objective 1.0018900000000000e+05. Time 0.02.
Post-solve status: succeeded
Solution objective: 100189.000000 , relative_mip_gap 0.000000 solution_bound 100189.000000 presolve_time 0.013717 total_solve_time 1.579692 max constraint violation 0.000000 max int violation 0.000000 max var bounds violation 0.000000 nodes 0 simplex_iterations 643
Setting parameter time_limit to 3.000000e+02
cuOpt version: 25.10.1, git hash: 876fcfc, host arch: x86_64, device archs: 70-real,75-real,80-real,86-real,90a-real,100f-real,120a-real,120
CPU: Intel(R) Core(TM) i7-14700K, threads (physical/logical): 20/28, RAM: 11.87 GiB
CUDA 12.9, device: NVIDIA GeForce RTX 5070 Ti (ID 0), VRAM: 15.46 GiB
CUDA device UUID: 4bffffffbf6effffff8f-3a60-0c50-136c-

Solving a problem with 10100 constraints, 10100 variables (10100 integers), and 30000 nonzeros
Problem scaling:
Objective coefficents range:          [2e+01, 9e+03]
Constraint matrix coefficients range: [1e+00, 1e+00]
Constraint rhs / bounds range:        [0e+00, 1e+00]
Variable bounds range:                [0e+00, 1e+00]

Original problem: 10100 constraints, 10100 variables, 30000 nonzeros
Calling Papilo presolver
Presolve status: did not result in any changes
Presolve removed: 0 constraints, 0 variables, 0 nonzeros
Presolved problem: 10100 constraints, 10100 variables, 30000 nonzeros
Papilo presolve time: 0.014177
Objective offset 0.000000 scaling_factor 1.000000
Running presolve!
After trivial presolve: 10100 constraints, 10100 variables, objective offset 0.000000.
Using 7 CPU threads for B&B
Solving LP root relaxation
Scaling matrix. Maximum column norm 7.071068e+00
Dual Simplex Phase 1
Dual feasible solution found.
Dual Simplex Phase 2
 Iter     Objective           Num Inf.  Sum Inf.     Perturb  Time
    1 +0.0000000000000000e+00     100 1.49000000e+00 0.00e+00 0.01

Root relaxation solution found in 714 iterations and 0.02s
Root relaxation objective +9.86170000e+04

Optimal solution found at root node. Objective 9.8617000000000000e+04. Time 0.02.
Post-solve status: succeeded
Solution objective: 98617.000000 , relative_mip_gap 0.000000 solution_bound 98617.000000 presolve_time 0.014534 total_solve_time 1.580410 max constraint violation 0.000000 max int violation 0.000000 max var bounds violation 0.000000 nodes 0 simplex_iterations 714
Setting parameter time_limit to 3.000000e+02
cuOpt version: 25.10.1, git hash: 876fcfc, host arch: x86_64, device archs: 70-real,75-real,80-real,86-real,90a-real,100f-real,120a-real,120
CPU: Intel(R) Core(TM) i7-14700K, threads (physical/logical): 20/28, RAM: 11.88 GiB
CUDA 12.9, device: NVIDIA GeForce RTX 5070 Ti (ID 0), VRAM: 15.46 GiB
CUDA device UUID: 4bffffffbf6effffff8f-3a60-0c50-136c-

Solving a problem with 10100 constraints, 10100 variables (10100 integers), and 30000 nonzeros
Problem scaling:
Objective coefficents range:          [3e+01, 9e+03]
Constraint matrix coefficients range: [1e+00, 1e+00]
Constraint rhs / bounds range:        [0e+00, 1e+00]
Variable bounds range:                [0e+00, 1e+00]

Original problem: 10100 constraints, 10100 variables, 30000 nonzeros
Calling Papilo presolver
Presolve status: did not result in any changes
Presolve removed: 0 constraints, 0 variables, 0 nonzeros
Presolved problem: 10100 constraints, 10100 variables, 30000 nonzeros
Papilo presolve time: 0.014893
Objective offset 0.000000 scaling_factor 1.000000
Running presolve!
After trivial presolve: 10100 constraints, 10100 variables, objective offset 0.000000.
Using 7 CPU threads for B&B
Solving LP root relaxation
Scaling matrix. Maximum column norm 7.071068e+00
Dual Simplex Phase 1
Dual feasible solution found.
Dual Simplex Phase 2
 Iter     Objective           Num Inf.  Sum Inf.     Perturb  Time
    1 +0.0000000000000000e+00     100 1.49000000e+00 0.00e+00 0.01

Root relaxation solution found in 645 iterations and 0.02s
Root relaxation objective +9.69380000e+04

Optimal solution found at root node. Objective 9.6938000000000000e+04. Time 0.02.
Post-solve status: succeeded
Solution objective: 96938.000000 , relative_mip_gap 0.000000 solution_bound 96938.000000 presolve_time 0.015253 total_solve_time 1.583171 max constraint violation 0.000000 max int violation 0.000000 max var bounds violation 0.000000 nodes 0 simplex_iterations 645
Setting parameter time_limit to 3.000000e+02
cuOpt version: 25.10.1, git hash: 876fcfc, host arch: x86_64, device archs: 70-real,75-real,80-real,86-real,90a-real,100f-real,120a-real,120
CPU: Intel(R) Core(TM) i7-14700K, threads (physical/logical): 20/28, RAM: 11.88 GiB
CUDA 12.9, device: NVIDIA GeForce RTX 5070 Ti (ID 0), VRAM: 15.46 GiB
CUDA device UUID: 4bffffffbf6effffff8f-3a60-0c50-136c-

Solving a problem with 10100 constraints, 10100 variables (10100 integers), and 30000 nonzeros
Problem scaling:
Objective coefficents range:          [8e+01, 8e+03]
Constraint matrix coefficients range: [1e+00, 1e+00]
Constraint rhs / bounds range:        [0e+00, 1e+00]
Variable bounds range:                [0e+00, 1e+00]

Original problem: 10100 constraints, 10100 variables, 30000 nonzeros
Calling Papilo presolver
Presolve status: did not result in any changes
Presolve removed: 0 constraints, 0 variables, 0 nonzeros
Presolved problem: 10100 constraints, 10100 variables, 30000 nonzeros
Papilo presolve time: 0.014131
Objective offset 0.000000 scaling_factor 1.000000
Running presolve!
After trivial presolve: 10100 constraints, 10100 variables, objective offset 0.000000.
Using 7 CPU threads for B&B
Solving LP root relaxation
Scaling matrix. Maximum column norm 7.071068e+00
Dual Simplex Phase 1
Dual feasible solution found.
Dual Simplex Phase 2
 Iter     Objective           Num Inf.  Sum Inf.     Perturb  Time
    1 +0.0000000000000000e+00     100 1.49000000e+00 0.00e+00 0.01

Root relaxation solution found in 717 iterations and 0.02s
Root relaxation objective +9.46110000e+04

Optimal solution found at root node. Objective 9.4611000000000000e+04. Time 0.02.
Post-solve status: succeeded
Solution objective: 94611.000000 , relative_mip_gap 0.000000 solution_bound 94611.000000 presolve_time 0.014490 total_solve_time 1.581597 max constraint violation 0.000000 max int violation 0.000000 max var bounds violation 0.000000 nodes 0 simplex_iterations 717
Setting parameter time_limit to 3.000000e+02
cuOpt version: 25.10.1, git hash: 876fcfc, host arch: x86_64, device archs: 70-real,75-real,80-real,86-real,90a-real,100f-real,120a-real,120
CPU: Intel(R) Core(TM) i7-14700K, threads (physical/logical): 20/28, RAM: 11.88 GiB
CUDA 12.9, device: NVIDIA GeForce RTX 5070 Ti (ID 0), VRAM: 15.46 GiB
CUDA device UUID: 4bffffffbf6effffff8f-3a60-0c50-136c-

Solving a problem with 10100 constraints, 10100 variables (10100 integers), and 30000 nonzeros
Problem scaling:
Objective coefficents range:          [8e+01, 9e+03]
Constraint matrix coefficients range: [1e+00, 1e+00]
Constraint rhs / bounds range:        [0e+00, 1e+00]
Variable bounds range:                [0e+00, 1e+00]

Original problem: 10100 constraints, 10100 variables, 30000 nonzeros
Calling Papilo presolver
Presolve status: did not result in any changes
Presolve removed: 0 constraints, 0 variables, 0 nonzeros
Presolved problem: 10100 constraints, 10100 variables, 30000 nonzeros
Papilo presolve time: 0.014270
Objective offset 0.000000 scaling_factor 1.000000
Running presolve!
After trivial presolve: 10100 constraints, 10100 variables, objective offset 0.000000.
Using 7 CPU threads for B&B
Solving LP root relaxation
Scaling matrix. Maximum column norm 7.071068e+00
Dual Simplex Phase 1
Dual feasible solution found.
Dual Simplex Phase 2
 Iter     Objective           Num Inf.  Sum Inf.     Perturb  Time
    1 +0.0000000000000000e+00     100 1.49000000e+00 0.00e+00 0.01

Root relaxation solution found in 688 iterations and 0.01s
Root relaxation objective +9.80910000e+04

Optimal solution found at root node. Objective 9.8091000000000000e+04. Time 0.01.
Post-solve status: succeeded
Solution objective: 98091.000000 , relative_mip_gap 0.000000 solution_bound 98091.000000 presolve_time 0.014625 total_solve_time 1.583734 max constraint violation 0.000000 max int violation 0.000000 max var bounds violation 0.000000 nodes 0 simplex_iterations 688
Setting parameter time_limit to 3.000000e+02
cuOpt version: 25.10.1, git hash: 876fcfc, host arch: x86_64, device archs: 70-real,75-real,80-real,86-real,90a-real,100f-real,120a-real,120
CPU: Intel(R) Core(TM) i7-14700K, threads (physical/logical): 20/28, RAM: 11.88 GiB
CUDA 12.9, device: NVIDIA GeForce RTX 5070 Ti (ID 0), VRAM: 15.46 GiB
CUDA device UUID: 4bffffffbf6effffff8f-3a60-0c50-136c-

Solving a problem with 10100 constraints, 10100 variables (10100 integers), and 30000 nonzeros
Problem scaling:
Objective coefficents range:          [2e+01, 8e+03]
Constraint matrix coefficients range: [1e+00, 1e+00]
Constraint rhs / bounds range:        [0e+00, 1e+00]
Variable bounds range:                [0e+00, 1e+00]

Original problem: 10100 constraints, 10100 variables, 30000 nonzeros
Calling Papilo presolver
Presolve status: did not result in any changes
Presolve removed: 0 constraints, 0 variables, 0 nonzeros
Presolved problem: 10100 constraints, 10100 variables, 30000 nonzeros
Papilo presolve time: 0.014750
Objective offset 0.000000 scaling_factor 1.000000
Running presolve!
After trivial presolve: 10100 constraints, 10100 variables, objective offset 0.000000.
Using 7 CPU threads for B&B
Solving LP root relaxation
Scaling matrix. Maximum column norm 7.071068e+00
Dual Simplex Phase 1
Dual feasible solution found.
Dual Simplex Phase 2
 Iter     Objective           Num Inf.  Sum Inf.     Perturb  Time
    1 +0.0000000000000000e+00     100 1.49000000e+00 0.00e+00 0.01

Root relaxation solution found in 674 iterations and 0.02s
Root relaxation objective +9.82380000e+04

Optimal solution found at root node. Objective 9.8238000000000000e+04. Time 0.02.
Post-solve status: succeeded
Solution objective: 98238.000000 , relative_mip_gap 0.000000 solution_bound 98238.000000 presolve_time 0.015107 total_solve_time 1.578920 max constraint violation 0.000000 max int violation 0.000000 max var bounds violation 0.000000 nodes 0 simplex_iterations 674
Setting parameter time_limit to 3.000000e+02
cuOpt version: 25.10.1, git hash: 876fcfc, host arch: x86_64, device archs: 70-real,75-real,80-real,86-real,90a-real,100f-real,120a-real,120
CPU: Intel(R) Core(TM) i7-14700K, threads (physical/logical): 20/28, RAM: 11.88 GiB
CUDA 12.9, device: NVIDIA GeForce RTX 5070 Ti (ID 0), VRAM: 15.46 GiB
CUDA device UUID: 4bffffffbf6effffff8f-3a60-0c50-136c-

Solving a problem with 10100 constraints, 10100 variables (10100 integers), and 30000 nonzeros
Problem scaling:
Objective coefficents range:          [2e+01, 9e+03]
Constraint matrix coefficients range: [1e+00, 1e+00]
Constraint rhs / bounds range:        [0e+00, 1e+00]
Variable bounds range:                [0e+00, 1e+00]

Original problem: 10100 constraints, 10100 variables, 30000 nonzeros
Calling Papilo presolver
Presolve status: did not result in any changes
Presolve removed: 0 constraints, 0 variables, 0 nonzeros
Presolved problem: 10100 constraints, 10100 variables, 30000 nonzeros
Papilo presolve time: 0.013424
Objective offset 0.000000 scaling_factor 1.000000
Running presolve!
After trivial presolve: 10100 constraints, 10100 variables, objective offset 0.000000.
Using 7 CPU threads for B&B
Solving LP root relaxation
Scaling matrix. Maximum column norm 7.071068e+00
Dual Simplex Phase 1
Dual feasible solution found.
Dual Simplex Phase 2
 Iter     Objective           Num Inf.  Sum Inf.     Perturb  Time
    1 +0.0000000000000000e+00     100 1.49000000e+00 0.00e+00 0.01

Root relaxation solution found in 705 iterations and 0.02s
Root relaxation objective +9.74190000e+04

Optimal solution found at root node. Objective 9.7418999999999985e+04. Time 0.02.
Post-solve status: succeeded
Solution objective: 97419.000000 , relative_mip_gap 0.000000 solution_bound 97419.000000 presolve_time 0.013783 total_solve_time 1.581891 max constraint violation 0.000000 max int violation 0.000000 max var bounds violation 0.000000 nodes 0 simplex_iterations 705
Setting parameter time_limit to 3.000000e+02
cuOpt version: 25.10.1, git hash: 876fcfc, host arch: x86_64, device archs: 70-real,75-real,80-real,86-real,90a-real,100f-real,120a-real,120
CPU: Intel(R) Core(TM) i7-14700K, threads (physical/logical): 20/28, RAM: 11.90 GiB
CUDA 12.9, device: NVIDIA GeForce RTX 5070 Ti (ID 0), VRAM: 15.46 GiB
CUDA device UUID: 4bffffffbf6effffff8f-3a60-0c50-136c-

Solving a problem with 10100 constraints, 10100 variables (10100 integers), and 30000 nonzeros
Problem scaling:
Objective coefficents range:          [2e+01, 9e+03]
Constraint matrix coefficients range: [1e+00, 1e+00]
Constraint rhs / bounds range:        [0e+00, 1e+00]
Variable bounds range:                [0e+00, 1e+00]

Original problem: 10100 constraints, 10100 variables, 30000 nonzeros
Calling Papilo presolver
Presolve status: did not result in any changes
Presolve removed: 0 constraints, 0 variables, 0 nonzeros
Presolved problem: 10100 constraints, 10100 variables, 30000 nonzeros
Papilo presolve time: 0.014202
Objective offset 0.000000 scaling_factor 1.000000
Running presolve!
After trivial presolve: 10100 constraints, 10100 variables, objective offset 0.000000.
Using 7 CPU threads for B&B
Solving LP root relaxation
Scaling matrix. Maximum column norm 7.071068e+00
Dual Simplex Phase 1
Dual feasible solution found.
Dual Simplex Phase 2
 Iter     Objective           Num Inf.  Sum Inf.     Perturb  Time
    1 +0.0000000000000000e+00     100 1.49000000e+00 0.00e+00 0.01

Root relaxation solution found in 690 iterations and 0.02s
Root relaxation objective +9.67150000e+04

Optimal solution found at root node. Objective 9.6715000000000000e+04. Time 0.02.
Post-solve status: succeeded
Solution objective: 96715.000000 , relative_mip_gap 0.000000 solution_bound 96715.000000 presolve_time 0.014559 total_solve_time 1.576777 max constraint violation 0.000000 max int violation 0.000000 max var bounds violation 0.000000 nodes 0 simplex_iterations 690
Setting parameter time_limit to 3.000000e+02
cuOpt version: 25.10.1, git hash: 876fcfc, host arch: x86_64, device archs: 70-real,75-real,80-real,86-real,90a-real,100f-real,120a-real,120
CPU: Intel(R) Core(TM) i7-14700K, threads (physical/logical): 20/28, RAM: 11.89 GiB
CUDA 12.9, device: NVIDIA GeForce RTX 5070 Ti (ID 0), VRAM: 15.46 GiB
CUDA device UUID: 4bffffffbf6effffff8f-3a60-0c50-136c-

Solving a problem with 10100 constraints, 10100 variables (10100 integers), and 30000 nonzeros
Problem scaling:
Objective coefficents range:          [2e+01, 9e+03]
Constraint matrix coefficients range: [1e+00, 1e+00]
Constraint rhs / bounds range:        [0e+00, 1e+00]
Variable bounds range:                [0e+00, 1e+00]

Original problem: 10100 constraints, 10100 variables, 30000 nonzeros
Calling Papilo presolver
Presolve status: did not result in any changes
Presolve removed: 0 constraints, 0 variables, 0 nonzeros
Presolved problem: 10100 constraints, 10100 variables, 30000 nonzeros
Papilo presolve time: 0.013257
Objective offset 0.000000 scaling_factor 1.000000
Running presolve!
After trivial presolve: 10100 constraints, 10100 variables, objective offset 0.000000.
Using 7 CPU threads for B&B
Solving LP root relaxation
Scaling matrix. Maximum column norm 7.071068e+00
Dual Simplex Phase 1
Dual feasible solution found.
Dual Simplex Phase 2
 Iter     Objective           Num Inf.  Sum Inf.     Perturb  Time
    1 +0.0000000000000000e+00     100 1.49000000e+00 0.00e+00 0.01

Root relaxation solution found in 685 iterations and 0.01s
Root relaxation objective +9.91950000e+04

Optimal solution found at root node. Objective 9.9195000000000000e+04. Time 0.02.
Post-solve status: succeeded
Solution objective: 99195.000000 , relative_mip_gap 0.000000 solution_bound 99195.000000 presolve_time 0.013614 total_solve_time 1.573244 max constraint violation 0.000000 max int violation 0.000000 max var bounds violation 0.000000 nodes 0 simplex_iterations 685
Setting parameter time_limit to 3.000000e+02
cuOpt version: 25.10.1, git hash: 876fcfc, host arch: x86_64, device archs: 70-real,75-real,80-real,86-real,90a-real,100f-real,120a-real,120
CPU: Intel(R) Core(TM) i7-14700K, threads (physical/logical): 20/28, RAM: 11.89 GiB
CUDA 12.9, device: NVIDIA GeForce RTX 5070 Ti (ID 0), VRAM: 15.46 GiB
CUDA device UUID: 4bffffffbf6effffff8f-3a60-0c50-136c-

Solving a problem with 10100 constraints, 10100 variables (10100 integers), and 30000 nonzeros
Problem scaling:
Objective coefficents range:          [8e+01, 9e+03]
Constraint matrix coefficients range: [1e+00, 1e+00]
Constraint rhs / bounds range:        [0e+00, 1e+00]
Variable bounds range:                [0e+00, 1e+00]

Original problem: 10100 constraints, 10100 variables, 30000 nonzeros
Calling Papilo presolver
Presolve status: did not result in any changes
Presolve removed: 0 constraints, 0 variables, 0 nonzeros
Presolved problem: 10100 constraints, 10100 variables, 30000 nonzeros
Papilo presolve time: 0.013564
Objective offset 0.000000 scaling_factor 1.000000
Running presolve!
After trivial presolve: 10100 constraints, 10100 variables, objective offset 0.000000.
Using 7 CPU threads for B&B
Solving LP root relaxation
Scaling matrix. Maximum column norm 7.071068e+00
Dual Simplex Phase 1
Dual feasible solution found.
Dual Simplex Phase 2
 Iter     Objective           Num Inf.  Sum Inf.     Perturb  Time
    1 +0.0000000000000000e+00     100 1.49000000e+00 0.00e+00 0.01

Root relaxation solution found in 716 iterations and 0.02s
Root relaxation objective +9.60880000e+04

Optimal solution found at root node. Objective 9.6088000000000000e+04. Time 0.02.
Post-solve status: succeeded
Solution objective: 96088.000000 , relative_mip_gap 0.000000 solution_bound 96088.000000 presolve_time 0.013928 total_solve_time 1.577624 max constraint violation 0.000000 max int violation 0.000000 max var bounds violation 0.000000 nodes 0 simplex_iterations 716
Setting parameter time_limit to 3.000000e+02
cuOpt version: 25.10.1, git hash: 876fcfc, host arch: x86_64, device archs: 70-real,75-real,80-real,86-real,90a-real,100f-real,120a-real,120
CPU: Intel(R) Core(TM) i7-14700K, threads (physical/logical): 20/28, RAM: 11.89 GiB
CUDA 12.9, device: NVIDIA GeForce RTX 5070 Ti (ID 0), VRAM: 15.46 GiB
CUDA device UUID: 4bffffffbf6effffff8f-3a60-0c50-136c-

Solving a problem with 10100 constraints, 10100 variables (10100 integers), and 30000 nonzeros
Problem scaling:
Objective coefficents range:          [4e+01, 9e+03]
Constraint matrix coefficients range: [1e+00, 1e+00]
Constraint rhs / bounds range:        [0e+00, 1e+00]
Variable bounds range:                [0e+00, 1e+00]

Original problem: 10100 constraints, 10100 variables, 30000 nonzeros
Calling Papilo presolver
Presolve status: did not result in any changes
Presolve removed: 0 constraints, 0 variables, 0 nonzeros
Presolved problem: 10100 constraints, 10100 variables, 30000 nonzeros
Papilo presolve time: 0.014531
Objective offset 0.000000 scaling_factor 1.000000
Running presolve!
After trivial presolve: 10100 constraints, 10100 variables, objective offset 0.000000.
Using 7 CPU threads for B&B
Solving LP root relaxation
Scaling matrix. Maximum column norm 7.071068e+00
Dual Simplex Phase 1
Dual feasible solution found.
Dual Simplex Phase 2
 Iter     Objective           Num Inf.  Sum Inf.     Perturb  Time
    1 +0.0000000000000000e+00     100 1.49000000e+00 0.00e+00 0.01

Root relaxation solution found in 708 iterations and 0.01s
Root relaxation objective +9.38450000e+04

Optimal solution found at root node. Objective 9.3844999999999985e+04. Time 0.01.
Post-solve status: succeeded
Solution objective: 93845.000000 , relative_mip_gap 0.000000 solution_bound 93845.000000 presolve_time 0.014891 total_solve_time 1.579859 max constraint violation 0.000000 max int violation 0.000000 max var bounds violation 0.000000 nodes 0 simplex_iterations 708
Setting parameter time_limit to 3.000000e+02
cuOpt version: 25.10.1, git hash: 876fcfc, host arch: x86_64, device archs: 70-real,75-real,80-real,86-real,90a-real,100f-real,120a-real,120
CPU: Intel(R) Core(TM) i7-14700K, threads (physical/logical): 20/28, RAM: 11.89 GiB
CUDA 12.9, device: NVIDIA GeForce RTX 5070 Ti (ID 0), VRAM: 15.46 GiB
CUDA device UUID: 4bffffffbf6effffff8f-3a60-0c50-136c-

Solving a problem with 10100 constraints, 10100 variables (10100 integers), and 30000 nonzeros
Problem scaling:
Objective coefficents range:          [3e+01, 9e+03]
Constraint matrix coefficients range: [1e+00, 1e+00]
Constraint rhs / bounds range:        [0e+00, 1e+00]
Variable bounds range:                [0e+00, 1e+00]

Original problem: 10100 constraints, 10100 variables, 30000 nonzeros
Calling Papilo presolver
Presolve status: did not result in any changes
Presolve removed: 0 constraints, 0 variables, 0 nonzeros
Presolved problem: 10100 constraints, 10100 variables, 30000 nonzeros
Papilo presolve time: 0.013855
Objective offset 0.000000 scaling_factor 1.000000
Running presolve!
After trivial presolve: 10100 constraints, 10100 variables, objective offset 0.000000.
Using 7 CPU threads for B&B
Solving LP root relaxation
Scaling matrix. Maximum column norm 7.071068e+00
Dual Simplex Phase 1
Dual feasible solution found.
Dual Simplex Phase 2
 Iter     Objective           Num Inf.  Sum Inf.     Perturb  Time
    1 +0.0000000000000000e+00     100 1.49000000e+00 0.00e+00 0.01

Root relaxation solution found in 679 iterations and 0.02s
Root relaxation objective +1.00651000e+05

Optimal solution found at root node. Objective 1.0065100000000000e+05. Time 0.02.
Post-solve status: succeeded
Solution objective: 100651.000000 , relative_mip_gap 0.000000 solution_bound 100651.000000 presolve_time 0.014211 total_solve_time 1.581769 max constraint violation 0.000000 max int violation 0.000000 max var bounds violation 0.000000 nodes 0 simplex_iterations 679
Setting parameter time_limit to 3.000000e+02
cuOpt version: 25.10.1, git hash: 876fcfc, host arch: x86_64, device archs: 70-real,75-real,80-real,86-real,90a-real,100f-real,120a-real,120
CPU: Intel(R) Core(TM) i7-14700K, threads (physical/logical): 20/28, RAM: 11.87 GiB
CUDA 12.9, device: NVIDIA GeForce RTX 5070 Ti (ID 0), VRAM: 15.46 GiB
CUDA device UUID: 4bffffffbf6effffff8f-3a60-0c50-136c-

Solving a problem with 10100 constraints, 10100 variables (10100 integers), and 30000 nonzeros
Problem scaling:
Objective coefficents range:          [4e+01, 9e+03]
Constraint matrix coefficients range: [1e+00, 1e+00]
Constraint rhs / bounds range:        [0e+00, 1e+00]
Variable bounds range:                [0e+00, 1e+00]

Original problem: 10100 constraints, 10100 variables, 30000 nonzeros
Calling Papilo presolver
Presolve status: did not result in any changes
Presolve removed: 0 constraints, 0 variables, 0 nonzeros
Presolved problem: 10100 constraints, 10100 variables, 30000 nonzeros
Papilo presolve time: 0.013565
Objective offset 0.000000 scaling_factor 1.000000
Running presolve!
After trivial presolve: 10100 constraints, 10100 variables, objective offset 0.000000.
Using 7 CPU threads for B&B
Solving LP root relaxation
Scaling matrix. Maximum column norm 7.071068e+00
Dual Simplex Phase 1
Dual feasible solution found.
Dual Simplex Phase 2
 Iter     Objective           Num Inf.  Sum Inf.     Perturb  Time
    1 +0.0000000000000000e+00     100 1.49000000e+00 0.00e+00 0.01

Root relaxation solution found in 682 iterations and 0.01s
Root relaxation objective +9.86990000e+04

Optimal solution found at root node. Objective 9.8699000000000000e+04. Time 0.01.
Post-solve status: succeeded
Solution objective: 98699.000000 , relative_mip_gap 0.000000 solution_bound 98699.000000 presolve_time 0.013924 total_solve_time 1.578855 max constraint violation 0.000000 max int violation 0.000000 max var bounds violation 0.000000 nodes 0 simplex_iterations 682
Setting parameter time_limit to 3.000000e+02
cuOpt version: 25.10.1, git hash: 876fcfc, host arch: x86_64, device archs: 70-real,75-real,80-real,86-real,90a-real,100f-real,120a-real,120
CPU: Intel(R) Core(TM) i7-14700K, threads (physical/logical): 20/28, RAM: 11.88 GiB
CUDA 12.9, device: NVIDIA GeForce RTX 5070 Ti (ID 0), VRAM: 15.46 GiB
CUDA device UUID: 4bffffffbf6effffff8f-3a60-0c50-136c-

Solving a problem with 10100 constraints, 10100 variables (10100 integers), and 30000 nonzeros
Problem scaling:
Objective coefficents range:          [6e+01, 9e+03]
Constraint matrix coefficients range: [1e+00, 1e+00]
Constraint rhs / bounds range:        [0e+00, 1e+00]
Variable bounds range:                [0e+00, 1e+00]

Original problem: 10100 constraints, 10100 variables, 30000 nonzeros
Calling Papilo presolver
Presolve status: did not result in any changes
Presolve removed: 0 constraints, 0 variables, 0 nonzeros
Presolved problem: 10100 constraints, 10100 variables, 30000 nonzeros
Papilo presolve time: 0.014192
Objective offset 0.000000 scaling_factor 1.000000
Running presolve!
After trivial presolve: 10100 constraints, 10100 variables, objective offset 0.000000.
Using 7 CPU threads for B&B
Solving LP root relaxation
Scaling matrix. Maximum column norm 7.071068e+00
Dual Simplex Phase 1
Dual feasible solution found.
Dual Simplex Phase 2
 Iter     Objective           Num Inf.  Sum Inf.     Perturb  Time
    1 +0.0000000000000000e+00     100 1.49000000e+00 0.00e+00 0.01
Removed perturbation of 1.70e-06.

Root relaxation solution found in 771 iterations and 0.02s
Root relaxation objective +9.88460000e+04

Optimal solution found at root node. Objective 9.8845999999999985e+04. Time 0.02.
Post-solve status: succeeded
Solution objective: 98846.000000 , relative_mip_gap 0.000000 solution_bound 98846.000000 presolve_time 0.014551 total_solve_time 1.576099 max constraint violation 0.000000 max int violation 0.000000 max var bounds violation 0.000000 nodes 0 simplex_iterations 771
Setting parameter time_limit to 3.000000e+02
cuOpt version: 25.10.1, git hash: 876fcfc, host arch: x86_64, device archs: 70-real,75-real,80-real,86-real,90a-real,100f-real,120a-real,120
CPU: Intel(R) Core(TM) i7-14700K, threads (physical/logical): 20/28, RAM: 11.88 GiB
CUDA 12.9, device: NVIDIA GeForce RTX 5070 Ti (ID 0), VRAM: 15.46 GiB
CUDA device UUID: 4bffffffbf6effffff8f-3a60-0c50-136c-

Solving a problem with 10100 constraints, 10100 variables (10100 integers), and 30000 nonzeros
Problem scaling:
Objective coefficents range:          [7e+01, 9e+03]
Constraint matrix coefficients range: [1e+00, 1e+00]
Constraint rhs / bounds range:        [0e+00, 1e+00]
Variable bounds range:                [0e+00, 1e+00]

Original problem: 10100 constraints, 10100 variables, 30000 nonzeros
Calling Papilo presolver
Presolve status: did not result in any changes
Presolve removed: 0 constraints, 0 variables, 0 nonzeros
Presolved problem: 10100 constraints, 10100 variables, 30000 nonzeros
Papilo presolve time: 0.015029
Objective offset 0.000000 scaling_factor 1.000000
Running presolve!
After trivial presolve: 10100 constraints, 10100 variables, objective offset 0.000000.
Using 7 CPU threads for B&B
Solving LP root relaxation
Scaling matrix. Maximum column norm 7.071068e+00
Dual Simplex Phase 1
Dual feasible solution found.
Dual Simplex Phase 2
 Iter     Objective           Num Inf.  Sum Inf.     Perturb  Time
    1 +0.0000000000000000e+00     100 1.49000000e+00 0.00e+00 0.01

Root relaxation solution found in 687 iterations and 0.01s
Root relaxation objective +9.62120000e+04

Optimal solution found at root node. Objective 9.6212000000000000e+04. Time 0.01.
Post-solve status: succeeded
Solution objective: 96212.000000 , relative_mip_gap 0.000000 solution_bound 96212.000000 presolve_time 0.015385 total_solve_time 1.575638 max constraint violation 0.000000 max int violation 0.000000 max var bounds violation 0.000000 nodes 0 simplex_iterations 687
Setting parameter time_limit to 3.000000e+02
cuOpt version: 25.10.1, git hash: 876fcfc, host arch: x86_64, device archs: 70-real,75-real,80-real,86-real,90a-real,100f-real,120a-real,120
CPU: Intel(R) Core(TM) i7-14700K, threads (physical/logical): 20/28, RAM: 11.88 GiB
CUDA 12.9, device: NVIDIA GeForce RTX 5070 Ti (ID 0), VRAM: 15.46 GiB
CUDA device UUID: 4bffffffbf6effffff8f-3a60-0c50-136c-

Solving a problem with 10100 constraints, 10100 variables (10100 integers), and 30000 nonzeros
Problem scaling:
Objective coefficents range:          [2e+01, 8e+03]
Constraint matrix coefficients range: [1e+00, 1e+00]
Constraint rhs / bounds range:        [0e+00, 1e+00]
Variable bounds range:                [0e+00, 1e+00]

Original problem: 10100 constraints, 10100 variables, 30000 nonzeros
Calling Papilo presolver
Presolve status: did not result in any changes
Presolve removed: 0 constraints, 0 variables, 0 nonzeros
Presolved problem: 10100 constraints, 10100 variables, 30000 nonzeros
Papilo presolve time: 0.013385
Objective offset 0.000000 scaling_factor 1.000000
Running presolve!
After trivial presolve: 10100 constraints, 10100 variables, objective offset 0.000000.
Using 7 CPU threads for B&B
Solving LP root relaxation
Scaling matrix. Maximum column norm 7.071068e+00
Dual Simplex Phase 1
Dual feasible solution found.
Dual Simplex Phase 2
 Iter     Objective           Num Inf.  Sum Inf.     Perturb  Time
    1 +0.0000000000000000e+00     100 1.49000000e+00 0.00e+00 0.01

Root relaxation solution found in 690 iterations and 0.02s
Root relaxation objective +1.02134667e+05

Strong branching using 7 threads and 109 fractional variables
Exploring the B&B tree using 1 best-first threads and 6 diving threads (7 threads)
 | Explored | Unexplored |    Objective    |     Bound     | Depth | Iter/Node |   Gap    |  Time  |
B         2            0    +1.021570e+05    +1.021347e+05        1   3.5e+02      0.0%      0.10
Explored 2 nodes in 0.10s.
Absolute Gap 0.000000e+00 Objective 1.0215700000000000e+05 Lower Bound 1.0215700000000000e+05
Optimal solution found.
Post-solve status: succeeded
Solution objective: 102157.000000 , relative_mip_gap 0.000000 solution_bound 102157.000000 presolve_time 0.013758 total_solve_time 1.585826 max constraint violation 0.000000 max int violation 0.000000 max var bounds violation 0.000000 nodes 2 simplex_iterations 707
Setting parameter time_limit to 3.000000e+02
cuOpt version: 25.10.1, git hash: 876fcfc, host arch: x86_64, device archs: 70-real,75-real,80-real,86-real,90a-real,100f-real,120a-real,120
CPU: Intel(R) Core(TM) i7-14700K, threads (physical/logical): 20/28, RAM: 11.87 GiB
CUDA 12.9, device: NVIDIA GeForce RTX 5070 Ti (ID 0), VRAM: 15.46 GiB
CUDA device UUID: 4bffffffbf6effffff8f-3a60-0c50-136c-

Solving a problem with 10100 constraints, 10100 variables (10100 integers), and 30000 nonzeros
Problem scaling:
Objective coefficents range:          [1e+02, 9e+03]
Constraint matrix coefficients range: [1e+00, 1e+00]
Constraint rhs / bounds range:        [0e+00, 1e+00]
Variable bounds range:                [0e+00, 1e+00]

Original problem: 10100 constraints, 10100 variables, 30000 nonzeros
Calling Papilo presolver
Presolve status: did not result in any changes
Presolve removed: 0 constraints, 0 variables, 0 nonzeros
Presolved problem: 10100 constraints, 10100 variables, 30000 nonzeros
Papilo presolve time: 0.013983
Objective offset 0.000000 scaling_factor 1.000000
Running presolve!
After trivial presolve: 10100 constraints, 10100 variables, objective offset 0.000000.
Using 7 CPU threads for B&B
Solving LP root relaxation
Scaling matrix. Maximum column norm 7.071068e+00
Dual Simplex Phase 1
Dual feasible solution found.
Dual Simplex Phase 2
 Iter     Objective           Num Inf.  Sum Inf.     Perturb  Time
    1 +0.0000000000000000e+00     100 1.49000000e+00 0.00e+00 0.01

Root relaxation solution found in 682 iterations and 0.01s
Root relaxation objective +9.85270000e+04

Optimal solution found at root node. Objective 9.8527000000000000e+04. Time 0.01.
Post-solve status: succeeded
Solution objective: 98527.000000 , relative_mip_gap 0.000000 solution_bound 98527.000000 presolve_time 0.014342 total_solve_time 1.577922 max constraint violation 0.000000 max int violation 0.000000 max var bounds violation 0.000000 nodes 0 simplex_iterations 682
Setting parameter time_limit to 3.000000e+02
cuOpt version: 25.10.1, git hash: 876fcfc, host arch: x86_64, device archs: 70-real,75-real,80-real,86-real,90a-real,100f-real,120a-real,120
CPU: Intel(R) Core(TM) i7-14700K, threads (physical/logical): 20/28, RAM: 11.86 GiB
CUDA 12.9, device: NVIDIA GeForce RTX 5070 Ti (ID 0), VRAM: 15.46 GiB
CUDA device UUID: 4bffffffbf6effffff8f-3a60-0c50-136c-

Solving a problem with 10100 constraints, 10100 variables (10100 integers), and 30000 nonzeros
Problem scaling:
Objective coefficents range:          [3e+01, 9e+03]
Constraint matrix coefficients range: [1e+00, 1e+00]
Constraint rhs / bounds range:        [0e+00, 1e+00]
Variable bounds range:                [0e+00, 1e+00]

Original problem: 10100 constraints, 10100 variables, 30000 nonzeros
Calling Papilo presolver
Presolve status: did not result in any changes
Presolve removed: 0 constraints, 0 variables, 0 nonzeros
Presolved problem: 10100 constraints, 10100 variables, 30000 nonzeros
Papilo presolve time: 0.015022
Objective offset 0.000000 scaling_factor 1.000000
Running presolve!
After trivial presolve: 10100 constraints, 10100 variables, objective offset 0.000000.
Using 7 CPU threads for B&B
Solving LP root relaxation
Scaling matrix. Maximum column norm 7.071068e+00
Dual Simplex Phase 1
Dual feasible solution found.
Dual Simplex Phase 2
 Iter     Objective           Num Inf.  Sum Inf.     Perturb  Time
    1 +0.0000000000000000e+00     100 1.49000000e+00 0.00e+00 0.01

Root relaxation solution found in 689 iterations and 0.01s
Root relaxation objective +9.83740000e+04

Optimal solution found at root node. Objective 9.8373999999999985e+04. Time 0.01.
Post-solve status: succeeded
Solution objective: 98374.000000 , relative_mip_gap 0.000000 solution_bound 98374.000000 presolve_time 0.015378 total_solve_time 1.574983 max constraint violation 0.000000 max int violation 0.000000 max var bounds violation 0.000000 nodes 0 simplex_iterations 689
Setting parameter time_limit to 3.000000e+02
cuOpt version: 25.10.1, git hash: 876fcfc, host arch: x86_64, device archs: 70-real,75-real,80-real,86-real,90a-real,100f-real,120a-real,120
CPU: Intel(R) Core(TM) i7-14700K, threads (physical/logical): 20/28, RAM: 11.86 GiB
CUDA 12.9, device: NVIDIA GeForce RTX 5070 Ti (ID 0), VRAM: 15.46 GiB
CUDA device UUID: 4bffffffbf6effffff8f-3a60-0c50-136c-

Solving a problem with 10100 constraints, 10100 variables (10100 integers), and 30000 nonzeros
Problem scaling:
Objective coefficents range:          [1e+01, 9e+03]
Constraint matrix coefficients range: [1e+00, 1e+00]
Constraint rhs / bounds range:        [0e+00, 1e+00]
Variable bounds range:                [0e+00, 1e+00]

Original problem: 10100 constraints, 10100 variables, 30000 nonzeros
Calling Papilo presolver
Presolve status: did not result in any changes
Presolve removed: 0 constraints, 0 variables, 0 nonzeros
Presolved problem: 10100 constraints, 10100 variables, 30000 nonzeros
Papilo presolve time: 0.014250
Objective offset 0.000000 scaling_factor 1.000000
Running presolve!
After trivial presolve: 10100 constraints, 10100 variables, objective offset 0.000000.
Using 7 CPU threads for B&B
Solving LP root relaxation
Scaling matrix. Maximum column norm 7.071068e+00
Dual Simplex Phase 1
Dual feasible solution found.
Dual Simplex Phase 2
 Iter     Objective           Num Inf.  Sum Inf.     Perturb  Time
    1 +0.0000000000000000e+00     100 1.49000000e+00 0.00e+00 0.01

Root relaxation solution found in 708 iterations and 0.01s
Root relaxation objective +9.93310000e+04

Optimal solution found at root node. Objective 9.9331000000000000e+04. Time 0.01.
Post-solve status: succeeded
Solution objective: 99331.000000 , relative_mip_gap 0.000000 solution_bound 99331.000000 presolve_time 0.014609 total_solve_time 1.577249 max constraint violation 0.000000 max int violation 0.000000 max var bounds violation 0.000000 nodes 0 simplex_iterations 708
Setting parameter time_limit to 3.000000e+02
cuOpt version: 25.10.1, git hash: 876fcfc, host arch: x86_64, device archs: 70-real,75-real,80-real,86-real,90a-real,100f-real,120a-real,120
CPU: Intel(R) Core(TM) i7-14700K, threads (physical/logical): 20/28, RAM: 11.86 GiB
CUDA 12.9, device: NVIDIA GeForce RTX 5070 Ti (ID 0), VRAM: 15.46 GiB
CUDA device UUID: 4bffffffbf6effffff8f-3a60-0c50-136c-

Solving a problem with 10100 constraints, 10100 variables (10100 integers), and 30000 nonzeros
Problem scaling:
Objective coefficents range:          [5e+01, 9e+03]
Constraint matrix coefficients range: [1e+00, 1e+00]
Constraint rhs / bounds range:        [0e+00, 1e+00]
Variable bounds range:                [0e+00, 1e+00]

Original problem: 10100 constraints, 10100 variables, 30000 nonzeros
Calling Papilo presolver
Presolve status: did not result in any changes
Presolve removed: 0 constraints, 0 variables, 0 nonzeros
Presolved problem: 10100 constraints, 10100 variables, 30000 nonzeros
Papilo presolve time: 0.014294
Objective offset 0.000000 scaling_factor 1.000000
Running presolve!
After trivial presolve: 10100 constraints, 10100 variables, objective offset 0.000000.
Using 7 CPU threads for B&B
Solving LP root relaxation
Scaling matrix. Maximum column norm 7.071068e+00
Dual Simplex Phase 1
Dual feasible solution found.
Dual Simplex Phase 2
 Iter     Objective           Num Inf.  Sum Inf.     Perturb  Time
    1 +0.0000000000000000e+00     100 1.49000000e+00 0.00e+00 0.01
Removed perturbation of 1.30e-06.

Root relaxation solution found in 718 iterations and 0.01s
Root relaxation objective +1.00277000e+05

Optimal solution found at root node. Objective 1.0027700000000001e+05. Time 0.01.
Post-solve status: succeeded
Solution objective: 100277.000000 , relative_mip_gap 0.000000 solution_bound 100277.000000 presolve_time 0.014675 total_solve_time 1.582320 max constraint violation 0.000000 max int violation 0.000000 max var bounds violation 0.000000 nodes 0 simplex_iterations 718
Setting parameter time_limit to 3.000000e+02
cuOpt version: 25.10.1, git hash: 876fcfc, host arch: x86_64, device archs: 70-real,75-real,80-real,86-real,90a-real,100f-real,120a-real,120
CPU: Intel(R) Core(TM) i7-14700K, threads (physical/logical): 20/28, RAM: 11.88 GiB
CUDA 12.9, device: NVIDIA GeForce RTX 5070 Ti (ID 0), VRAM: 15.46 GiB
CUDA device UUID: 4bffffffbf6effffff8f-3a60-0c50-136c-

Solving a problem with 10100 constraints, 10100 variables (10100 integers), and 30000 nonzeros
Problem scaling:
Objective coefficents range:          [8e+01, 8e+03]
Constraint matrix coefficients range: [1e+00, 1e+00]
Constraint rhs / bounds range:        [0e+00, 1e+00]
Variable bounds range:                [0e+00, 1e+00]

Original problem: 10100 constraints, 10100 variables, 30000 nonzeros
Calling Papilo presolver
Presolve status: did not result in any changes
Presolve removed: 0 constraints, 0 variables, 0 nonzeros
Presolved problem: 10100 constraints, 10100 variables, 30000 nonzeros
Papilo presolve time: 0.013905
Objective offset 0.000000 scaling_factor 1.000000
Running presolve!
After trivial presolve: 10100 constraints, 10100 variables, objective offset 0.000000.
Using 7 CPU threads for B&B
Solving LP root relaxation
Scaling matrix. Maximum column norm 7.071068e+00
Dual Simplex Phase 1
Dual feasible solution found.
Dual Simplex Phase 2
 Iter     Objective           Num Inf.  Sum Inf.     Perturb  Time
    1 +0.0000000000000000e+00     100 1.49000000e+00 0.00e+00 0.01

Root relaxation solution found in 716 iterations and 0.02s
Root relaxation objective +1.00335000e+05

Optimal solution found at root node. Objective 1.0033500000000000e+05. Time 0.02.
Post-solve status: succeeded
Solution objective: 100335.000000 , relative_mip_gap 0.000000 solution_bound 100335.000000 presolve_time 0.014263 total_solve_time 1.580350 max constraint violation 0.000000 max int violation 0.000000 max var bounds violation 0.000000 nodes 0 simplex_iterations 716
/home/carlosizq/Investigacion_Carlos_Izquierdo/.venv/lib/python3.12/site-packages/cuopt/linear_programming/data_model/data_model.py:293: UserWarning: Casting variable_lower_bounds from int64 to float64
  super().set_variable_lower_bounds(variable_lower_bounds)
/home/carlosizq/Investigacion_Carlos_Izquierdo/.venv/lib/python3.12/site-packages/cuopt/linear_programming/data_model/data_model.py:311: UserWarning: Casting variable_upper_bounds from int64 to float64
  super().set_variable_upper_bounds(variable_upper_bounds)
/home/carlosizq/Investigacion_Carlos_Izquierdo/.venv/lib/python3.12/site-packages/cuopt/linear_programming/data_model/data_model.py:207: UserWarning: Casting A_values from int64 to float64
  super().set_csr_constraint_matrix(A_values, A_indices, A_offsets)
Setting parameter infeasibility_detection to true
Setting parameter log_to_console to true
Setting parameter time_limit to 3.000000e+02
cuOpt version: 25.10.1, git hash: 876fcfc, host arch: x86_64, device archs: 70-real,75-real,80-real,86-real,90a-real,100f-real,120a-real,120
CPU: Intel(R) Core(TM) i7-14700K, threads (physical/logical): 20/28, RAM: 11.87 GiB
CUDA 12.9, device: NVIDIA GeForce RTX 5070 Ti (ID 0), VRAM: 15.46 GiB
CUDA device UUID: 4bffffffbf6effffff8f-3a60-0c50-136c-

Solving a problem with 10100 constraints, 10100 variables (10100 integers), and 30000 nonzeros
Problem scaling:
Objective coefficents range:          [5e+01, 8e+03]
Constraint matrix coefficients range: [1e+00, 1e+00]
Constraint rhs / bounds range:        [0e+00, 1e+00]
Variable bounds range:                [0e+00, 1e+00]

Original problem: 10100 constraints, 10100 variables, 30000 nonzeros
Calling Papilo presolver
Presolve status: did not result in any changes
Presolve removed: 0 constraints, 0 variables, 0 nonzeros
Presolved problem: 10100 constraints, 10100 variables, 30000 nonzeros
Papilo presolve time: 0.013838
Objective offset 0.000000 scaling_factor 1.000000
Running presolve!
After trivial presolve: 10100 constraints, 10100 variables, objective offset 0.000000.
Using 7 CPU threads for B&B
Solving LP root relaxation
Scaling matrix. Maximum column norm 7.071068e+00
Dual Simplex Phase 1
Dual feasible solution found.
Dual Simplex Phase 2
 Iter     Objective           Num Inf.  Sum Inf.     Perturb  Time
    1 +0.0000000000000000e+00     100 1.49000000e+00 0.00e+00 0.01
Removed perturbation of 1.10e-06.

Root relaxation solution found in 724 iterations and 0.01s
Root relaxation objective +9.58680000e+04

Optimal solution found at root node. Objective 9.5868000000000000e+04. Time 0.01.
Post-solve status: succeeded
Solution objective: 95868.000000 , relative_mip_gap 0.000000 solution_bound 95868.000000 presolve_time 0.014194 total_solve_time 1.582483 max constraint violation 0.000000 max int violation 0.000000 max var bounds violation 0.000000 nodes 0 simplex_iterations 724
Welcome to the CBC MILP Solver 
Version: 2.10.3 
Build Date: Dec 15 2019 

command line - /home/carlosizq/Investigacion_Carlos_Izquierdo/.venv/lib/python3.12/site-packages/pulp/apis/../solverdir/cbc/linux/i64/cbc /tmp/5c498e32a27e44e99588be8ecb57fdf0-pulp.mps -sec 300 -timeMode elapsed -branch -printingOptions all -solution /tmp/5c498e32a27e44e99588be8ecb57fdf0-pulp.sol (default strategy 1)
At line 2 NAME          MODEL
At line 3 ROWS
At line 10105 COLUMNS
At line 70306 RHS
At line 80407 BOUNDS
At line 90508 ENDATA
Problem MODEL has 10100 rows, 10100 columns and 30000 elements
Coin0008I MODEL read with 0 errors
seconds was changed from 1e+100 to 300
Option for timeMode changed from cpu to elapsed
Continuous objective value is 95868 - 0.12 seconds
Cgl0004I processed model has 10100 rows, 10100 columns (10100 integer (10100 of which binary)) and 30000 elements
Cutoff increment increased from 1e-05 to 0.9999
Cbc0038I Initial state - 0 integers unsatisfied sum - 0
Cbc0038I Solution found of 95868
Cbc0038I Before mini branch and bound, 10100 integers at bound fixed and 0 continuous
Cbc0038I Mini branch and bound did not improve solution (0.22 seconds)
Cbc0038I After 0.22 seconds - Feasibility pump exiting with objective of 95868 - took 0.01 seconds
Cbc0012I Integer solution of 95868 found by feasibility pump after 0 iterations and 0 nodes (0.22 seconds)
Cbc0001I Search completed - best objective 95868, took 0 iterations and 0 nodes (0.22 seconds)
Cbc0035I Maximum depth 0, 0 variables fixed on reduced cost
Cuts at root node changed objective from 95868 to 95868
Probing was tried 0 times and created 0 cuts of which 0 were active after adding rounds of cuts (0.000 seconds)
Gomory was tried 0 times and created 0 cuts of which 0 were active after adding rounds of cuts (0.000 seconds)
Knapsack was tried 0 times and created 0 cuts of which 0 were active after adding rounds of cuts (0.000 seconds)
Clique was tried 0 times and created 0 cuts of which 0 were active after adding rounds of cuts (0.000 seconds)
MixedIntegerRounding2 was tried 0 times and created 0 cuts of which 0 were active after adding rounds of cuts (0.000 seconds)
FlowCover was tried 0 times and created 0 cuts of which 0 were active after adding rounds of cuts (0.000 seconds)
TwoMirCuts was tried 0 times and created 0 cuts of which 0 were active after adding rounds of cuts (0.000 seconds)
ZeroHalf was tried 0 times and created 0 cuts of which 0 were active after adding rounds of cuts (0.000 seconds)

Result - Optimal solution found

Objective value:                95868.00000000
Enumerated nodes:               0
Total iterations:               0
Time (CPU seconds):             0.21
Time (Wallclock seconds):       0.23

Option for printingOptions changed from normal to all
Total time (CPU seconds):       0.23   (Wallclock seconds):       0.25

Setting parameter infeasibility_detection to true
Setting parameter log_to_console to true
Setting parameter time_limit to 3.000000e+02
cuOpt version: 25.10.1, git hash: 876fcfc, host arch: x86_64, device archs: 70-real,75-real,80-real,86-real,90a-real,100f-real,120a-real,120
CPU: Intel(R) Core(TM) i7-14700K, threads (physical/logical): 20/28, RAM: 11.79 GiB
CUDA 12.9, device: NVIDIA GeForce RTX 5070 Ti (ID 0), VRAM: 15.46 GiB
CUDA device UUID: 4bffffffbf6effffff8f-3a60-0c50-136c-

Solving a problem with 10100 constraints, 10100 variables (10100 integers), and 30000 nonzeros
Problem scaling:
Objective coefficents range:          [2e+01, 9e+03]
Constraint matrix coefficients range: [1e+00, 1e+00]
Constraint rhs / bounds range:        [0e+00, 1e+00]
Variable bounds range:                [0e+00, 1e+00]

Original problem: 10100 constraints, 10100 variables, 30000 nonzeros
Calling Papilo presolver
Presolve status: did not result in any changes
Presolve removed: 0 constraints, 0 variables, 0 nonzeros
Presolved problem: 10100 constraints, 10100 variables, 30000 nonzeros
Papilo presolve time: 0.012649
Objective offset 0.000000 scaling_factor 1.000000
Running presolve!
After trivial presolve: 10100 constraints, 10100 variables, objective offset 0.000000.
Using 7 CPU threads for B&B
Solving LP root relaxation
Scaling matrix. Maximum column norm 7.071068e+00
Dual Simplex Phase 1
Dual feasible solution found.
Dual Simplex Phase 2
 Iter     Objective           Num Inf.  Sum Inf.     Perturb  Time
    1 +0.0000000000000000e+00     100 1.49000000e+00 0.00e+00 0.01

Root relaxation solution found in 698 iterations and 0.02s
Root relaxation objective +9.71810000e+04

Optimal solution found at root node. Objective 9.7180999999999985e+04. Time 0.02.
Post-solve status: succeeded
Solution objective: 97181.000000 , relative_mip_gap 0.000000 solution_bound 97181.000000 presolve_time 0.013007 total_solve_time 1.580991 max constraint violation 0.000000 max int violation 0.000000 max var bounds violation 0.000000 nodes 0 simplex_iterations 698
Welcome to the CBC MILP Solver 
Version: 2.10.3 
Build Date: Dec 15 2019 

command line - /home/carlosizq/Investigacion_Carlos_Izquierdo/.venv/lib/python3.12/site-packages/pulp/apis/../solverdir/cbc/linux/i64/cbc /tmp/874f62dff78d47d8a03e88f81052b043-pulp.mps -sec 300 -timeMode elapsed -branch -printingOptions all -solution /tmp/874f62dff78d47d8a03e88f81052b043-pulp.sol (default strategy 1)
At line 2 NAME          MODEL
At line 3 ROWS
At line 10105 COLUMNS
At line 70306 RHS
At line 80407 BOUNDS
At line 90508 ENDATA
Problem MODEL has 10100 rows, 10100 columns and 30000 elements
Coin0008I MODEL read with 0 errors
seconds was changed from 1e+100 to 300
Option for timeMode changed from cpu to elapsed
Continuous objective value is 97181 - 0.11 seconds
Cgl0004I processed model has 10100 rows, 10100 columns (10100 integer (10100 of which binary)) and 30000 elements
Cutoff increment increased from 1e-05 to 0.9999
Cbc0038I Initial state - 0 integers unsatisfied sum - 0
Cbc0038I Solution found of 97181
Cbc0038I Before mini branch and bound, 10100 integers at bound fixed and 0 continuous
Cbc0038I Mini branch and bound did not improve solution (0.20 seconds)
Cbc0038I After 0.20 seconds - Feasibility pump exiting with objective of 97181 - took 0.01 seconds
Cbc0012I Integer solution of 97181 found by feasibility pump after 0 iterations and 0 nodes (0.20 seconds)
Cbc0001I Search completed - best objective 97181, took 0 iterations and 0 nodes (0.21 seconds)
Cbc0035I Maximum depth 0, 0 variables fixed on reduced cost
Cuts at root node changed objective from 97181 to 97181
Probing was tried 0 times and created 0 cuts of which 0 were active after adding rounds of cuts (0.000 seconds)
Gomory was tried 0 times and created 0 cuts of which 0 were active after adding rounds of cuts (0.000 seconds)
Knapsack was tried 0 times and created 0 cuts of which 0 were active after adding rounds of cuts (0.000 seconds)
Clique was tried 0 times and created 0 cuts of which 0 were active after adding rounds of cuts (0.000 seconds)
MixedIntegerRounding2 was tried 0 times and created 0 cuts of which 0 were active after adding rounds of cuts (0.000 seconds)
FlowCover was tried 0 times and created 0 cuts of which 0 were active after adding rounds of cuts (0.000 seconds)
TwoMirCuts was tried 0 times and created 0 cuts of which 0 were active after adding rounds of cuts (0.000 seconds)
ZeroHalf was tried 0 times and created 0 cuts of which 0 were active after adding rounds of cuts (0.000 seconds)

Result - Optimal solution found

Objective value:                97181.00000000
Enumerated nodes:               0
Total iterations:               0
Time (CPU seconds):             0.19
Time (Wallclock seconds):       0.21

Option for printingOptions changed from normal to all
Total time (CPU seconds):       0.21   (Wallclock seconds):       0.23

Setting parameter infeasibility_detection to true
Setting parameter log_to_console to true
Setting parameter time_limit to 3.000000e+02
cuOpt version: 25.10.1, git hash: 876fcfc, host arch: x86_64, device archs: 70-real,75-real,80-real,86-real,90a-real,100f-real,120a-real,120
CPU: Intel(R) Core(TM) i7-14700K, threads (physical/logical): 20/28, RAM: 11.71 GiB
CUDA 12.9, device: NVIDIA GeForce RTX 5070 Ti (ID 0), VRAM: 15.46 GiB
CUDA device UUID: 4bffffffbf6effffff8f-3a60-0c50-136c-

Solving a problem with 10100 constraints, 10100 variables (10100 integers), and 30000 nonzeros
Problem scaling:
Objective coefficents range:          [2e+01, 9e+03]
Constraint matrix coefficients range: [1e+00, 1e+00]
Constraint rhs / bounds range:        [0e+00, 1e+00]
Variable bounds range:                [0e+00, 1e+00]

Original problem: 10100 constraints, 10100 variables, 30000 nonzeros
Calling Papilo presolver
Presolve status: did not result in any changes
Presolve removed: 0 constraints, 0 variables, 0 nonzeros
Presolved problem: 10100 constraints, 10100 variables, 30000 nonzeros
Papilo presolve time: 0.013409
Objective offset 0.000000 scaling_factor 1.000000
Running presolve!
After trivial presolve: 10100 constraints, 10100 variables, objective offset 0.000000.
Using 7 CPU threads for B&B
Solving LP root relaxation
Scaling matrix. Maximum column norm 7.071068e+00
Dual Simplex Phase 1
Dual feasible solution found.
Dual Simplex Phase 2
 Iter     Objective           Num Inf.  Sum Inf.     Perturb  Time
    1 +0.0000000000000000e+00     100 1.49000000e+00 0.00e+00 0.01

Root relaxation solution found in 732 iterations and 0.01s
Root relaxation objective +9.61160000e+04

Optimal solution found at root node. Objective 9.6116000000000000e+04. Time 0.01.
Post-solve status: succeeded
Solution objective: 96116.000000 , relative_mip_gap 0.000000 solution_bound 96116.000000 presolve_time 0.013767 total_solve_time 1.585441 max constraint violation 0.000000 max int violation 0.000000 max var bounds violation 0.000000 nodes 0 simplex_iterations 732
Welcome to the CBC MILP Solver 
Version: 2.10.3 
Build Date: Dec 15 2019 

command line - /home/carlosizq/Investigacion_Carlos_Izquierdo/.venv/lib/python3.12/site-packages/pulp/apis/../solverdir/cbc/linux/i64/cbc /tmp/27ead8b269cc48e482c324a9d46d3656-pulp.mps -sec 300 -timeMode elapsed -branch -printingOptions all -solution /tmp/27ead8b269cc48e482c324a9d46d3656-pulp.sol (default strategy 1)
At line 2 NAME          MODEL
At line 3 ROWS
At line 10105 COLUMNS
At line 70306 RHS
At line 80407 BOUNDS
At line 90508 ENDATA
Problem MODEL has 10100 rows, 10100 columns and 30000 elements
Coin0008I MODEL read with 0 errors
seconds was changed from 1e+100 to 300
Option for timeMode changed from cpu to elapsed
Continuous objective value is 96116 - 0.13 seconds
Cgl0004I processed model has 10100 rows, 10100 columns (10100 integer (10100 of which binary)) and 30000 elements
Cutoff increment increased from 1e-05 to 0.9999
Cbc0038I Initial state - 0 integers unsatisfied sum - 0
Cbc0038I Solution found of 96116
Cbc0038I Before mini branch and bound, 10100 integers at bound fixed and 0 continuous
Cbc0038I Mini branch and bound did not improve solution (0.22 seconds)
Cbc0038I After 0.22 seconds - Feasibility pump exiting with objective of 96116 - took 0.01 seconds
Cbc0012I Integer solution of 96116 found by feasibility pump after 0 iterations and 0 nodes (0.22 seconds)
Cbc0001I Search completed - best objective 96116, took 0 iterations and 0 nodes (0.23 seconds)
Cbc0035I Maximum depth 0, 0 variables fixed on reduced cost
Cuts at root node changed objective from 96116 to 96116
Probing was tried 0 times and created 0 cuts of which 0 were active after adding rounds of cuts (0.000 seconds)
Gomory was tried 0 times and created 0 cuts of which 0 were active after adding rounds of cuts (0.000 seconds)
Knapsack was tried 0 times and created 0 cuts of which 0 were active after adding rounds of cuts (0.000 seconds)
Clique was tried 0 times and created 0 cuts of which 0 were active after adding rounds of cuts (0.000 seconds)
MixedIntegerRounding2 was tried 0 times and created 0 cuts of which 0 were active after adding rounds of cuts (0.000 seconds)
FlowCover was tried 0 times and created 0 cuts of which 0 were active after adding rounds of cuts (0.000 seconds)
TwoMirCuts was tried 0 times and created 0 cuts of which 0 were active after adding rounds of cuts (0.000 seconds)
ZeroHalf was tried 0 times and created 0 cuts of which 0 were active after adding rounds of cuts (0.000 seconds)

Result - Optimal solution found

Objective value:                96116.00000000
Enumerated nodes:               0
Total iterations:               0
Time (CPU seconds):             0.22
Time (Wallclock seconds):       0.24

Option for printingOptions changed from normal to all
Total time (CPU seconds):       0.24   (Wallclock seconds):       0.25

Setting parameter infeasibility_detection to true
Setting parameter log_to_console to true
Setting parameter time_limit to 3.000000e+02
cuOpt version: 25.10.1, git hash: 876fcfc, host arch: x86_64, device archs: 70-real,75-real,80-real,86-real,90a-real,100f-real,120a-real,120
CPU: Intel(R) Core(TM) i7-14700K, threads (physical/logical): 20/28, RAM: 11.54 GiB
CUDA 12.9, device: NVIDIA GeForce RTX 5070 Ti (ID 0), VRAM: 15.46 GiB
CUDA device UUID: 4bffffffbf6effffff8f-3a60-0c50-136c-

Solving a problem with 10100 constraints, 10100 variables (10100 integers), and 30000 nonzeros
Problem scaling:
Objective coefficents range:          [3e+01, 9e+03]
Constraint matrix coefficients range: [1e+00, 1e+00]
Constraint rhs / bounds range:        [0e+00, 1e+00]
Variable bounds range:                [0e+00, 1e+00]

Original problem: 10100 constraints, 10100 variables, 30000 nonzeros
Calling Papilo presolver
Presolve status: did not result in any changes
Presolve removed: 0 constraints, 0 variables, 0 nonzeros
Presolved problem: 10100 constraints, 10100 variables, 30000 nonzeros
Papilo presolve time: 0.014213
Objective offset 0.000000 scaling_factor 1.000000
Running presolve!
After trivial presolve: 10100 constraints, 10100 variables, objective offset 0.000000.
Using 7 CPU threads for B&B
Solving LP root relaxation
Scaling matrix. Maximum column norm 7.071068e+00
Dual Simplex Phase 1
Dual feasible solution found.
Dual Simplex Phase 2
 Iter     Objective           Num Inf.  Sum Inf.     Perturb  Time
    1 +0.0000000000000000e+00     100 1.49000000e+00 0.00e+00 0.01

Root relaxation solution found in 688 iterations and 0.01s
Root relaxation objective +9.85280000e+04

Optimal solution found at root node. Objective 9.8528000000000000e+04. Time 0.01.
Post-solve status: succeeded
Solution objective: 98528.000000 , relative_mip_gap 0.000000 solution_bound 98528.000000 presolve_time 0.014572 total_solve_time 1.590383 max constraint violation 0.000000 max int violation 0.000000 max var bounds violation 0.000000 nodes 0 simplex_iterations 688
Welcome to the CBC MILP Solver 
Version: 2.10.3 
Build Date: Dec 15 2019 

command line - /home/carlosizq/Investigacion_Carlos_Izquierdo/.venv/lib/python3.12/site-packages/pulp/apis/../solverdir/cbc/linux/i64/cbc /tmp/b52cffc4afe341fcb1bd5d12199a1056-pulp.mps -sec 300 -timeMode elapsed -branch -printingOptions all -solution /tmp/b52cffc4afe341fcb1bd5d12199a1056-pulp.sol (default strategy 1)
At line 2 NAME          MODEL
At line 3 ROWS
At line 10105 COLUMNS
At line 70306 RHS
At line 80407 BOUNDS
At line 90508 ENDATA
Problem MODEL has 10100 rows, 10100 columns and 30000 elements
Coin0008I MODEL read with 0 errors
seconds was changed from 1e+100 to 300
Option for timeMode changed from cpu to elapsed
Continuous objective value is 98528 - 0.13 seconds
Cgl0004I processed model has 10100 rows, 10100 columns (10100 integer (10100 of which binary)) and 30000 elements
Cutoff increment increased from 1e-05 to 0.9999
Cbc0038I Initial state - 0 integers unsatisfied sum - 0
Cbc0038I Solution found of 98528
Cbc0038I Before mini branch and bound, 10100 integers at bound fixed and 0 continuous
Cbc0038I Mini branch and bound did not improve solution (0.23 seconds)
Cbc0038I After 0.23 seconds - Feasibility pump exiting with objective of 98528 - took 0.01 seconds
Cbc0012I Integer solution of 98528 found by feasibility pump after 0 iterations and 0 nodes (0.23 seconds)
Cbc0001I Search completed - best objective 98528, took 0 iterations and 0 nodes (0.23 seconds)
Cbc0035I Maximum depth 0, 0 variables fixed on reduced cost
Cuts at root node changed objective from 98528 to 98528
Probing was tried 0 times and created 0 cuts of which 0 were active after adding rounds of cuts (0.000 seconds)
Gomory was tried 0 times and created 0 cuts of which 0 were active after adding rounds of cuts (0.000 seconds)
Knapsack was tried 0 times and created 0 cuts of which 0 were active after adding rounds of cuts (0.000 seconds)
Clique was tried 0 times and created 0 cuts of which 0 were active after adding rounds of cuts (0.000 seconds)
MixedIntegerRounding2 was tried 0 times and created 0 cuts of which 0 were active after adding rounds of cuts (0.000 seconds)
FlowCover was tried 0 times and created 0 cuts of which 0 were active after adding rounds of cuts (0.000 seconds)
TwoMirCuts was tried 0 times and created 0 cuts of which 0 were active after adding rounds of cuts (0.000 seconds)
ZeroHalf was tried 0 times and created 0 cuts of which 0 were active after adding rounds of cuts (0.000 seconds)

Result - Optimal solution found

Objective value:                98528.00000000
Enumerated nodes:               0
Total iterations:               0
Time (CPU seconds):             0.22
Time (Wallclock seconds):       0.24

Option for printingOptions changed from normal to all
Total time (CPU seconds):       0.24   (Wallclock seconds):       0.26

Setting parameter infeasibility_detection to true
Setting parameter log_to_console to true
Setting parameter time_limit to 3.000000e+02
cuOpt version: 25.10.1, git hash: 876fcfc, host arch: x86_64, device archs: 70-real,75-real,80-real,86-real,90a-real,100f-real,120a-real,120
CPU: Intel(R) Core(TM) i7-14700K, threads (physical/logical): 20/28, RAM: 11.50 GiB
CUDA 12.9, device: NVIDIA GeForce RTX 5070 Ti (ID 0), VRAM: 15.46 GiB
CUDA device UUID: 4bffffffbf6effffff8f-3a60-0c50-136c-

Solving a problem with 10100 constraints, 10100 variables (10100 integers), and 30000 nonzeros
Problem scaling:
Objective coefficents range:          [4e+01, 9e+03]
Constraint matrix coefficients range: [1e+00, 1e+00]
Constraint rhs / bounds range:        [0e+00, 1e+00]
Variable bounds range:                [0e+00, 1e+00]

Original problem: 10100 constraints, 10100 variables, 30000 nonzeros
Calling Papilo presolver
Presolve status: did not result in any changes
Presolve removed: 0 constraints, 0 variables, 0 nonzeros
Presolved problem: 10100 constraints, 10100 variables, 30000 nonzeros
Papilo presolve time: 0.012533
Objective offset 0.000000 scaling_factor 1.000000
Running presolve!
After trivial presolve: 10100 constraints, 10100 variables, objective offset 0.000000.
Using 7 CPU threads for B&B
Solving LP root relaxation
Scaling matrix. Maximum column norm 7.071068e+00
Dual Simplex Phase 1
Dual feasible solution found.
Dual Simplex Phase 2
 Iter     Objective           Num Inf.  Sum Inf.     Perturb  Time
    1 +0.0000000000000000e+00     100 1.49000000e+00 0.00e+00 0.01

Root relaxation solution found in 701 iterations and 0.02s
Root relaxation objective +9.98800000e+04

Optimal solution found at root node. Objective 9.9880000000000000e+04. Time 0.02.
Post-solve status: succeeded
Solution objective: 99880.000000 , relative_mip_gap 0.000000 solution_bound 99880.000000 presolve_time 0.012891 total_solve_time 1.594790 max constraint violation 0.000000 max int violation 0.000000 max var bounds violation 0.000000 nodes 0 simplex_iterations 701
Welcome to the CBC MILP Solver 
Version: 2.10.3 
Build Date: Dec 15 2019 

command line - /home/carlosizq/Investigacion_Carlos_Izquierdo/.venv/lib/python3.12/site-packages/pulp/apis/../solverdir/cbc/linux/i64/cbc /tmp/46f1e3dd81334bf6933638e5afac4c87-pulp.mps -sec 300 -timeMode elapsed -branch -printingOptions all -solution /tmp/46f1e3dd81334bf6933638e5afac4c87-pulp.sol (default strategy 1)
At line 2 NAME          MODEL
At line 3 ROWS
At line 10105 COLUMNS
At line 70306 RHS
At line 80407 BOUNDS
At line 90508 ENDATA
Problem MODEL has 10100 rows, 10100 columns and 30000 elements
Coin0008I MODEL read with 0 errors
seconds was changed from 1e+100 to 300
Option for timeMode changed from cpu to elapsed
Continuous objective value is 99880 - 0.14 seconds
Cgl0004I processed model has 10100 rows, 10100 columns (10100 integer (10100 of which binary)) and 30000 elements
Cutoff increment increased from 1e-05 to 0.9999
Cbc0038I Initial state - 0 integers unsatisfied sum - 0
Cbc0038I Solution found of 99880
Cbc0038I Before mini branch and bound, 10100 integers at bound fixed and 0 continuous
Cbc0038I Mini branch and bound did not improve solution (0.24 seconds)
Cbc0038I After 0.24 seconds - Feasibility pump exiting with objective of 99880 - took 0.01 seconds
Cbc0012I Integer solution of 99880 found by feasibility pump after 0 iterations and 0 nodes (0.24 seconds)
Cbc0001I Search completed - best objective 99880, took 0 iterations and 0 nodes (0.24 seconds)
Cbc0035I Maximum depth 0, 0 variables fixed on reduced cost
Cuts at root node changed objective from 99880 to 99880
Probing was tried 0 times and created 0 cuts of which 0 were active after adding rounds of cuts (0.000 seconds)
Gomory was tried 0 times and created 0 cuts of which 0 were active after adding rounds of cuts (0.000 seconds)
Knapsack was tried 0 times and created 0 cuts of which 0 were active after adding rounds of cuts (0.000 seconds)
Clique was tried 0 times and created 0 cuts of which 0 were active after adding rounds of cuts (0.000 seconds)
MixedIntegerRounding2 was tried 0 times and created 0 cuts of which 0 were active after adding rounds of cuts (0.000 seconds)
FlowCover was tried 0 times and created 0 cuts of which 0 were active after adding rounds of cuts (0.000 seconds)
TwoMirCuts was tried 0 times and created 0 cuts of which 0 were active after adding rounds of cuts (0.000 seconds)
ZeroHalf was tried 0 times and created 0 cuts of which 0 were active after adding rounds of cuts (0.000 seconds)

Result - Optimal solution found

Objective value:                99880.00000000
Enumerated nodes:               0
Total iterations:               0
Time (CPU seconds):             0.23
Time (Wallclock seconds):       0.25

Option for printingOptions changed from normal to all
Total time (CPU seconds):       0.25   (Wallclock seconds):       0.27

Setting parameter infeasibility_detection to true
Setting parameter log_to_console to true
Setting parameter time_limit to 3.000000e+02
cuOpt version: 25.10.1, git hash: 876fcfc, host arch: x86_64, device archs: 70-real,75-real,80-real,86-real,90a-real,100f-real,120a-real,120
CPU: Intel(R) Core(TM) i7-14700K, threads (physical/logical): 20/28, RAM: 11.53 GiB
CUDA 12.9, device: NVIDIA GeForce RTX 5070 Ti (ID 0), VRAM: 15.46 GiB
CUDA device UUID: 4bffffffbf6effffff8f-3a60-0c50-136c-

Solving a problem with 10100 constraints, 10100 variables (10100 integers), and 30000 nonzeros
Problem scaling:
Objective coefficents range:          [6e+01, 9e+03]
Constraint matrix coefficients range: [1e+00, 1e+00]
Constraint rhs / bounds range:        [0e+00, 1e+00]
Variable bounds range:                [0e+00, 1e+00]

Original problem: 10100 constraints, 10100 variables, 30000 nonzeros
Calling Papilo presolver
Presolve status: did not result in any changes
Presolve removed: 0 constraints, 0 variables, 0 nonzeros
Presolved problem: 10100 constraints, 10100 variables, 30000 nonzeros
Papilo presolve time: 0.012822
Objective offset 0.000000 scaling_factor 1.000000
Running presolve!
After trivial presolve: 10100 constraints, 10100 variables, objective offset 0.000000.
Using 7 CPU threads for B&B
Solving LP root relaxation
Scaling matrix. Maximum column norm 7.071068e+00
Dual Simplex Phase 1
Dual feasible solution found.
Dual Simplex Phase 2
 Iter     Objective           Num Inf.  Sum Inf.     Perturb  Time
    1 +0.0000000000000000e+00     100 1.49000000e+00 0.00e+00 0.01

Root relaxation solution found in 708 iterations and 0.02s
Root relaxation objective +9.64600000e+04

Optimal solution found at root node. Objective 9.6460000000000000e+04. Time 0.02.
Post-solve status: succeeded
Solution objective: 96460.000000 , relative_mip_gap 0.000000 solution_bound 96460.000000 presolve_time 0.013179 total_solve_time 1.581438 max constraint violation 0.000000 max int violation 0.000000 max var bounds violation 0.000000 nodes 0 simplex_iterations 708
Welcome to the CBC MILP Solver 
Version: 2.10.3 
Build Date: Dec 15 2019 

command line - /home/carlosizq/Investigacion_Carlos_Izquierdo/.venv/lib/python3.12/site-packages/pulp/apis/../solverdir/cbc/linux/i64/cbc /tmp/91390ea5862246c08ec761cfc3e989de-pulp.mps -sec 300 -timeMode elapsed -branch -printingOptions all -solution /tmp/91390ea5862246c08ec761cfc3e989de-pulp.sol (default strategy 1)
At line 2 NAME          MODEL
At line 3 ROWS
At line 10105 COLUMNS
At line 70306 RHS
At line 80407 BOUNDS
At line 90508 ENDATA
Problem MODEL has 10100 rows, 10100 columns and 30000 elements
Coin0008I MODEL read with 0 errors
seconds was changed from 1e+100 to 300
Option for timeMode changed from cpu to elapsed
Continuous objective value is 96460 - 0.11 seconds
Cgl0004I processed model has 10100 rows, 10100 columns (10100 integer (10100 of which binary)) and 30000 elements
Cutoff increment increased from 1e-05 to 0.9999
Cbc0038I Initial state - 0 integers unsatisfied sum - 0
Cbc0038I Solution found of 96460
Cbc0038I Before mini branch and bound, 10100 integers at bound fixed and 0 continuous
Cbc0038I Mini branch and bound did not improve solution (0.21 seconds)
Cbc0038I After 0.21 seconds - Feasibility pump exiting with objective of 96460 - took 0.01 seconds
Cbc0012I Integer solution of 96460 found by feasibility pump after 0 iterations and 0 nodes (0.21 seconds)
Cbc0001I Search completed - best objective 96460, took 0 iterations and 0 nodes (0.21 seconds)
Cbc0035I Maximum depth 0, 0 variables fixed on reduced cost
Cuts at root node changed objective from 96460 to 96460
Probing was tried 0 times and created 0 cuts of which 0 were active after adding rounds of cuts (0.000 seconds)
Gomory was tried 0 times and created 0 cuts of which 0 were active after adding rounds of cuts (0.000 seconds)
Knapsack was tried 0 times and created 0 cuts of which 0 were active after adding rounds of cuts (0.000 seconds)
Clique was tried 0 times and created 0 cuts of which 0 were active after adding rounds of cuts (0.000 seconds)
MixedIntegerRounding2 was tried 0 times and created 0 cuts of which 0 were active after adding rounds of cuts (0.000 seconds)
FlowCover was tried 0 times and created 0 cuts of which 0 were active after adding rounds of cuts (0.000 seconds)
TwoMirCuts was tried 0 times and created 0 cuts of which 0 were active after adding rounds of cuts (0.000 seconds)
ZeroHalf was tried 0 times and created 0 cuts of which 0 were active after adding rounds of cuts (0.000 seconds)

Result - Optimal solution found

Objective value:                96460.00000000
Enumerated nodes:               0
Total iterations:               0
Time (CPU seconds):             0.21
Time (Wallclock seconds):       0.22

Option for printingOptions changed from normal to all
Total time (CPU seconds):       0.23   (Wallclock seconds):       0.24

Setting parameter infeasibility_detection to true
Setting parameter log_to_console to true
Setting parameter time_limit to 3.000000e+02
cuOpt version: 25.10.1, git hash: 876fcfc, host arch: x86_64, device archs: 70-real,75-real,80-real,86-real,90a-real,100f-real,120a-real,120
CPU: Intel(R) Core(TM) i7-14700K, threads (physical/logical): 20/28, RAM: 11.50 GiB
CUDA 12.9, device: NVIDIA GeForce RTX 5070 Ti (ID 0), VRAM: 15.46 GiB
CUDA device UUID: 4bffffffbf6effffff8f-3a60-0c50-136c-

Solving a problem with 10100 constraints, 10100 variables (10100 integers), and 30000 nonzeros
Problem scaling:
Objective coefficents range:          [4e+01, 9e+03]
Constraint matrix coefficients range: [1e+00, 1e+00]
Constraint rhs / bounds range:        [0e+00, 1e+00]
Variable bounds range:                [0e+00, 1e+00]

Original problem: 10100 constraints, 10100 variables, 30000 nonzeros
Calling Papilo presolver
Presolve status: did not result in any changes
Presolve removed: 0 constraints, 0 variables, 0 nonzeros
Presolved problem: 10100 constraints, 10100 variables, 30000 nonzeros
Papilo presolve time: 0.013389
Objective offset 0.000000 scaling_factor 1.000000
Running presolve!
After trivial presolve: 10100 constraints, 10100 variables, objective offset 0.000000.
Using 7 CPU threads for B&B
Solving LP root relaxation
Scaling matrix. Maximum column norm 7.071068e+00
Dual Simplex Phase 1
Dual feasible solution found.
Dual Simplex Phase 2
 Iter     Objective           Num Inf.  Sum Inf.     Perturb  Time
    1 +0.0000000000000000e+00     100 1.49000000e+00 0.00e+00 0.01
Removed perturbation of 1.50e-06.

Root relaxation solution found in 739 iterations and 0.02s
Root relaxation objective +9.92130000e+04

Strong branching using 7 threads and 34 fractional variables
Exploring the B&B tree using 1 best-first threads and 6 diving threads (7 threads)
 | Explored | Unexplored |    Objective    |     Bound     | Depth | Iter/Node |   Gap    |  Time  |
B         2            0    +9.923900e+04    +9.921300e+04        1   3.7e+02      0.0%      0.04
Explored 2 nodes in 0.04s.
Absolute Gap 0.000000e+00 Objective 9.9239000000000000e+04 Lower Bound 9.9239000000000000e+04
Optimal solution found.
Post-solve status: succeeded
Solution objective: 99239.000000 , relative_mip_gap 0.000000 solution_bound 99239.000000 presolve_time 0.013750 total_solve_time 1.584419 max constraint violation 0.000000 max int violation 0.000000 max var bounds violation 0.000000 nodes 2 simplex_iterations 750
Welcome to the CBC MILP Solver 
Version: 2.10.3 
Build Date: Dec 15 2019 

command line - /home/carlosizq/Investigacion_Carlos_Izquierdo/.venv/lib/python3.12/site-packages/pulp/apis/../solverdir/cbc/linux/i64/cbc /tmp/f525e590bb374889ae0facf71aa7c695-pulp.mps -sec 300 -timeMode elapsed -branch -printingOptions all -solution /tmp/f525e590bb374889ae0facf71aa7c695-pulp.sol (default strategy 1)
At line 2 NAME          MODEL
At line 3 ROWS
At line 10105 COLUMNS
At line 70306 RHS
At line 80407 BOUNDS
At line 90508 ENDATA
Problem MODEL has 10100 rows, 10100 columns and 30000 elements
Coin0008I MODEL read with 0 errors
seconds was changed from 1e+100 to 300
Option for timeMode changed from cpu to elapsed
Continuous objective value is 99213 - 0.12 seconds
Cgl0004I processed model has 10100 rows, 10100 columns (10100 integer (10100 of which binary)) and 30000 elements
Cutoff increment increased from 1e-05 to 0.9999
Cbc0038I Initial state - 34 integers unsatisfied sum - 17
Cbc0038I Pass   1: (0.22 seconds) suminf.    0.00000 (0) obj. 152942 iterations 1095
Cbc0038I Solution found of 152942
Cbc0038I Before mini branch and bound, 10051 integers at bound fixed and 0 continuous
Cbc0038I Full problem 10100 rows 10100 columns, reduced to 39 rows 43 columns
Cbc0038I Mini branch and bound improved solution from 152942 to 99266 (0.24 seconds)
Cbc0038I Round again with cutoff of 99259.8
Cbc0038I Reduced cost fixing fixed 9321 variables on major pass 2
Cbc0038I Pass   2: (0.24 seconds) suminf.    0.00000 (0) obj. 99247 iterations 76
Cbc0038I Solution found of 99247
Cbc0038I Before mini branch and bound, 10052 integers at bound fixed and 0 continuous
Cbc0038I Full problem 10100 rows 10100 columns, reduced to 52 rows 44 columns
Cbc0038I Mini branch and bound did not improve solution (0.25 seconds)
Cbc0038I Round again with cutoff of 99239.4
Cbc0038I Reduced cost fixing fixed 9352 variables on major pass 3
Cbc0038I Pass   3: (0.27 seconds) suminf.    1.40028 (28) obj. 99239.4 iterations 753
Cbc0038I Solution found of 99239
Cbc0038I Before mini branch and bound, 10051 integers at bound fixed and 0 continuous
Cbc0038I Full problem 10100 rows 10100 columns, reduced to 53 rows 45 columns
Cbc0038I Mini branch and bound did not improve solution (0.28 seconds)
Cbc0038I Round again with cutoff of 99230.5
Cbc0038I Reduced cost fixing fixed 9363 variables on major pass 4
Cbc0038I Pass   4: (0.28 seconds) suminf.   16.42045 (46) obj. 99230.5 iterations 18
Cbc0038I Pass   5: (0.28 seconds) suminf.   16.42045 (46) obj. 99230.5 iterations 69
Cbc0038I Pass   6: (0.29 seconds) suminf.   15.26426 (34) obj. 99230.5 iterations 16
Cbc0038I Pass   7: (0.29 seconds) suminf.   15.21856 (34) obj. 99230.5 iterations 24
Cbc0038I Pass   8: (0.30 seconds) suminf.   11.38677 (34) obj. 99230.5 iterations 44
Cbc0038I Pass   9: (0.30 seconds) suminf.   11.38677 (34) obj. 99230.5 iterations 51
Cbc0038I Pass  10: (0.30 seconds) suminf.   11.38677 (34) obj. 99230.5 iterations 13
Cbc0038I Pass  11: (0.31 seconds) suminf.   11.38677 (34) obj. 99230.5 iterations 31
Cbc0038I Pass  12: (0.31 seconds) suminf.   11.38677 (34) obj. 99230.5 iterations 30
Cbc0038I Pass  13: (0.32 seconds) suminf.   11.38677 (34) obj. 99230.5 iterations 12
Cbc0038I Pass  14: (0.32 seconds) suminf.   11.38677 (34) obj. 99230.5 iterations 24
Cbc0038I Pass  15: (0.33 seconds) suminf.   11.38677 (34) obj. 99230.5 iterations 30
Cbc0038I Pass  16: (0.33 seconds) suminf.   11.38677 (34) obj. 99230.5 iterations 22
Cbc0038I Pass  17: (0.33 seconds) suminf.   11.38677 (34) obj. 99230.5 iterations 4
Cbc0038I Pass  18: (0.34 seconds) suminf.   11.38677 (34) obj. 99230.5 iterations 25
Cbc0038I Pass  19: (0.34 seconds) suminf.   15.21856 (34) obj. 99230.5 iterations 22
Cbc0038I Pass  20: (0.35 seconds) suminf.   11.38677 (34) obj. 99230.5 iterations 39
Cbc0038I Pass  21: (0.35 seconds) suminf.   11.38677 (34) obj. 99230.5 iterations 17
Cbc0038I Pass  22: (0.35 seconds) suminf.   11.38677 (34) obj. 99230.5 iterations 11
Cbc0038I Pass  23: (0.36 seconds) suminf.   11.38677 (34) obj. 99230.5 iterations 10
Cbc0038I Pass  24: (0.36 seconds) suminf.   15.21856 (34) obj. 99230.5 iterations 65
Cbc0038I Pass  25: (0.37 seconds) suminf.   11.38677 (34) obj. 99230.5 iterations 142
Cbc0038I Pass  26: (0.37 seconds) suminf.   11.38677 (34) obj. 99230.5 iterations 11
Cbc0038I Pass  27: (0.38 seconds) suminf.   16.61599 (34) obj. 99230.5 iterations 16
Cbc0038I Pass  28: (0.38 seconds) suminf.   11.38677 (34) obj. 99230.5 iterations 43
Cbc0038I Pass  29: (0.39 seconds) suminf.   11.38677 (34) obj. 99230.5 iterations 11
Cbc0038I Pass  30: (0.39 seconds) suminf.   16.61599 (34) obj. 99230.5 iterations 74
Cbc0038I Pass  31: (0.40 seconds) suminf.   11.38677 (34) obj. 99230.5 iterations 85
Cbc0038I Pass  32: (0.40 seconds) suminf.   16.49275 (34) obj. 99230.5 iterations 47
Cbc0038I Pass  33: (0.40 seconds) suminf.   11.59811 (34) obj. 99230.5 iterations 15
Cbc0038I No solution found this major pass
Cbc0038I Before mini branch and bound, 10049 integers at bound fixed and 0 continuous
Cbc0038I Full problem 10100 rows 10100 columns, reduced to 52 rows 45 columns
Cbc0038I Mini branch and bound did not improve solution (0.41 seconds)
Cbc0038I After 0.41 seconds - Feasibility pump exiting with objective of 99239 - took 0.20 seconds
Cbc0012I Integer solution of 99239 found by feasibility pump after 0 iterations and 0 nodes (0.41 seconds)
Cbc0038I Full problem 10100 rows 10100 columns, reduced to 26 rows 17 columns
Cbc0031I 1 added rows had average density of 13
Cbc0013I At root node, 1 cuts changed objective from 99213 to 99224.333 in 2 passes
Cbc0014I Cut generator 0 (Probing) - 0 row cuts average 0.0 elements, 0 column cuts (0 active)  in 0.003 seconds - new frequency is -100
Cbc0014I Cut generator 1 (Gomory) - 0 row cuts average 0.0 elements, 0 column cuts (0 active)  in 0.002 seconds - new frequency is -100
Cbc0014I Cut generator 2 (Knapsack) - 0 row cuts average 0.0 elements, 0 column cuts (0 active)  in 0.002 seconds - new frequency is -100
Cbc0014I Cut generator 3 (Clique) - 0 row cuts average 0.0 elements, 0 column cuts (0 active)  in 0.000 seconds - new frequency is -100
Cbc0014I Cut generator 4 (MixedIntegerRounding2) - 0 row cuts average 0.0 elements, 0 column cuts (0 active)  in 0.002 seconds - new frequency is -100
Cbc0014I Cut generator 5 (FlowCover) - 0 row cuts average 0.0 elements, 0 column cuts (0 active)  in 0.000 seconds - new frequency is -100
Cbc0014I Cut generator 7 (ZeroHalf) - 1 row cuts average 13.0 elements, 0 column cuts (0 active)  in 0.025 seconds - new frequency is -100
Cbc0001I Search completed - best objective 99239, took 3 iterations and 0 nodes (0.46 seconds)
Cbc0032I Strong branching done 2 times (5 iterations), fathomed 1 nodes and fixed 0 variables
Cbc0035I Maximum depth 0, 9363 variables fixed on reduced cost
Cuts at root node changed objective from 99213 to 99247
Probing was tried 2 times and created 0 cuts of which 0 were active after adding rounds of cuts (0.003 seconds)
Gomory was tried 2 times and created 0 cuts of which 0 were active after adding rounds of cuts (0.002 seconds)
Knapsack was tried 2 times and created 0 cuts of which 0 were active after adding rounds of cuts (0.002 seconds)
Clique was tried 2 times and created 0 cuts of which 0 were active after adding rounds of cuts (0.000 seconds)
MixedIntegerRounding2 was tried 2 times and created 0 cuts of which 0 were active after adding rounds of cuts (0.002 seconds)
FlowCover was tried 2 times and created 0 cuts of which 0 were active after adding rounds of cuts (0.000 seconds)
TwoMirCuts was tried 1 times and created 0 cuts of which 0 were active after adding rounds of cuts (0.002 seconds)
ZeroHalf was tried 1 times and created 1 cuts of which 0 were active after adding rounds of cuts (0.025 seconds)

Result - Optimal solution found

Objective value:                99239.00000000
Enumerated nodes:               0
Total iterations:               3
Time (CPU seconds):             0.45
Time (Wallclock seconds):       0.47

Option for printingOptions changed from normal to all
Total time (CPU seconds):       0.47   (Wallclock seconds):       0.49

Setting parameter infeasibility_detection to true
Setting parameter log_to_console to true
Setting parameter time_limit to 3.000000e+02
cuOpt version: 25.10.1, git hash: 876fcfc, host arch: x86_64, device archs: 70-real,75-real,80-real,86-real,90a-real,100f-real,120a-real,120
CPU: Intel(R) Core(TM) i7-14700K, threads (physical/logical): 20/28, RAM: 11.50 GiB
CUDA 12.9, device: NVIDIA GeForce RTX 5070 Ti (ID 0), VRAM: 15.46 GiB
CUDA device UUID: 4bffffffbf6effffff8f-3a60-0c50-136c-

Solving a problem with 10100 constraints, 10100 variables (10100 integers), and 30000 nonzeros
Problem scaling:
Objective coefficents range:          [9e+01, 9e+03]
Constraint matrix coefficients range: [1e+00, 1e+00]
Constraint rhs / bounds range:        [0e+00, 1e+00]
Variable bounds range:                [0e+00, 1e+00]

Original problem: 10100 constraints, 10100 variables, 30000 nonzeros
Calling Papilo presolver
Presolve status: did not result in any changes
Presolve removed: 0 constraints, 0 variables, 0 nonzeros
Presolved problem: 10100 constraints, 10100 variables, 30000 nonzeros
Papilo presolve time: 0.013101
Objective offset 0.000000 scaling_factor 1.000000
Running presolve!
After trivial presolve: 10100 constraints, 10100 variables, objective offset 0.000000.
Using 7 CPU threads for B&B
Solving LP root relaxation
Scaling matrix. Maximum column norm 7.071068e+00
Dual Simplex Phase 1
Dual feasible solution found.
Dual Simplex Phase 2
 Iter     Objective           Num Inf.  Sum Inf.     Perturb  Time
    1 +0.0000000000000000e+00     100 1.49000000e+00 0.00e+00 0.01

Root relaxation solution found in 649 iterations and 0.01s
Root relaxation objective +9.84860000e+04

Optimal solution found at root node. Objective 9.8486000000000000e+04. Time 0.01.
Post-solve status: succeeded
Solution objective: 98486.000000 , relative_mip_gap 0.000000 solution_bound 98486.000000 presolve_time 0.013466 total_solve_time 1.682164 max constraint violation 0.000000 max int violation 0.000000 max var bounds violation 0.000000 nodes 0 simplex_iterations 649
Welcome to the CBC MILP Solver 
Version: 2.10.3 
Build Date: Dec 15 2019 

command line - /home/carlosizq/Investigacion_Carlos_Izquierdo/.venv/lib/python3.12/site-packages/pulp/apis/../solverdir/cbc/linux/i64/cbc /tmp/bae8b08f31ff40bd9b26f89b885734dc-pulp.mps -sec 300 -timeMode elapsed -branch -printingOptions all -solution /tmp/bae8b08f31ff40bd9b26f89b885734dc-pulp.sol (default strategy 1)
At line 2 NAME          MODEL
At line 3 ROWS
At line 10105 COLUMNS
At line 70306 RHS
At line 80407 BOUNDS
At line 90508 ENDATA
Problem MODEL has 10100 rows, 10100 columns and 30000 elements
Coin0008I MODEL read with 0 errors
seconds was changed from 1e+100 to 300
Option for timeMode changed from cpu to elapsed
Continuous objective value is 98486 - 0.11 seconds
Cgl0004I processed model has 10100 rows, 10100 columns (10100 integer (10100 of which binary)) and 30000 elements
Cutoff increment increased from 1e-05 to 0.9999
Cbc0038I Initial state - 0 integers unsatisfied sum - 0
Cbc0038I Solution found of 98486
Cbc0038I Before mini branch and bound, 10100 integers at bound fixed and 0 continuous
Cbc0038I Mini branch and bound did not improve solution (0.21 seconds)
Cbc0038I After 0.21 seconds - Feasibility pump exiting with objective of 98486 - took 0.01 seconds
Cbc0012I Integer solution of 98486 found by feasibility pump after 0 iterations and 0 nodes (0.21 seconds)
Cbc0001I Search completed - best objective 98486, took 0 iterations and 0 nodes (0.22 seconds)
Cbc0035I Maximum depth 0, 0 variables fixed on reduced cost
Cuts at root node changed objective from 98486 to 98486
Probing was tried 0 times and created 0 cuts of which 0 were active after adding rounds of cuts (0.000 seconds)
Gomory was tried 0 times and created 0 cuts of which 0 were active after adding rounds of cuts (0.000 seconds)
Knapsack was tried 0 times and created 0 cuts of which 0 were active after adding rounds of cuts (0.000 seconds)
Clique was tried 0 times and created 0 cuts of which 0 were active after adding rounds of cuts (0.000 seconds)
MixedIntegerRounding2 was tried 0 times and created 0 cuts of which 0 were active after adding rounds of cuts (0.000 seconds)
FlowCover was tried 0 times and created 0 cuts of which 0 were active after adding rounds of cuts (0.000 seconds)
TwoMirCuts was tried 0 times and created 0 cuts of which 0 were active after adding rounds of cuts (0.000 seconds)
ZeroHalf was tried 0 times and created 0 cuts of which 0 were active after adding rounds of cuts (0.000 seconds)

Result - Optimal solution found

Objective value:                98486.00000000
Enumerated nodes:               0
Total iterations:               0
Time (CPU seconds):             0.21
Time (Wallclock seconds):       0.23

Option for printingOptions changed from normal to all
Total time (CPU seconds):       0.23   (Wallclock seconds):       0.24

Setting parameter infeasibility_detection to true
Setting parameter log_to_console to true
Setting parameter time_limit to 3.000000e+02
cuOpt version: 25.10.1, git hash: 876fcfc, host arch: x86_64, device archs: 70-real,75-real,80-real,86-real,90a-real,100f-real,120a-real,120
CPU: Intel(R) Core(TM) i7-14700K, threads (physical/logical): 20/28, RAM: 11.50 GiB
CUDA 12.9, device: NVIDIA GeForce RTX 5070 Ti (ID 0), VRAM: 15.46 GiB
CUDA device UUID: 4bffffffbf6effffff8f-3a60-0c50-136c-

Solving a problem with 10100 constraints, 10100 variables (10100 integers), and 30000 nonzeros
Problem scaling:
Objective coefficents range:          [5e+01, 9e+03]
Constraint matrix coefficients range: [1e+00, 1e+00]
Constraint rhs / bounds range:        [0e+00, 1e+00]
Variable bounds range:                [0e+00, 1e+00]

Original problem: 10100 constraints, 10100 variables, 30000 nonzeros
Calling Papilo presolver
Presolve status: did not result in any changes
Presolve removed: 0 constraints, 0 variables, 0 nonzeros
Presolved problem: 10100 constraints, 10100 variables, 30000 nonzeros
Papilo presolve time: 0.012846
Objective offset 0.000000 scaling_factor 1.000000
Running presolve!
After trivial presolve: 10100 constraints, 10100 variables, objective offset 0.000000.
Using 7 CPU threads for B&B
Solving LP root relaxation
Scaling matrix. Maximum column norm 7.071068e+00
Dual Simplex Phase 1
Dual feasible solution found.
Dual Simplex Phase 2
 Iter     Objective           Num Inf.  Sum Inf.     Perturb  Time
    1 +0.0000000000000000e+00     100 1.49000000e+00 0.00e+00 0.01

Root relaxation solution found in 694 iterations and 0.01s
Root relaxation objective +9.75780000e+04

Optimal solution found at root node. Objective 9.7577999999999985e+04. Time 0.01.
Post-solve status: succeeded
Solution objective: 97578.000000 , relative_mip_gap 0.000000 solution_bound 97578.000000 presolve_time 0.013207 total_solve_time 1.581556 max constraint violation 0.000000 max int violation 0.000000 max var bounds violation 0.000000 nodes 0 simplex_iterations 694
Welcome to the CBC MILP Solver 
Version: 2.10.3 
Build Date: Dec 15 2019 

command line - /home/carlosizq/Investigacion_Carlos_Izquierdo/.venv/lib/python3.12/site-packages/pulp/apis/../solverdir/cbc/linux/i64/cbc /tmp/e468e16646784a8fac5de8fdb1bc85be-pulp.mps -sec 300 -timeMode elapsed -branch -printingOptions all -solution /tmp/e468e16646784a8fac5de8fdb1bc85be-pulp.sol (default strategy 1)
At line 2 NAME          MODEL
At line 3 ROWS
At line 10105 COLUMNS
At line 70306 RHS
At line 80407 BOUNDS
At line 90508 ENDATA
Problem MODEL has 10100 rows, 10100 columns and 30000 elements
Coin0008I MODEL read with 0 errors
seconds was changed from 1e+100 to 300
Option for timeMode changed from cpu to elapsed
Continuous objective value is 97578 - 0.14 seconds
Cgl0004I processed model has 10100 rows, 10100 columns (10100 integer (10100 of which binary)) and 30000 elements
Cutoff increment increased from 1e-05 to 0.9999
Cbc0038I Initial state - 0 integers unsatisfied sum - 0
Cbc0038I Solution found of 97578
Cbc0038I Before mini branch and bound, 10100 integers at bound fixed and 0 continuous
Cbc0038I Mini branch and bound did not improve solution (0.24 seconds)
Cbc0038I After 0.24 seconds - Feasibility pump exiting with objective of 97578 - took 0.01 seconds
Cbc0012I Integer solution of 97578 found by feasibility pump after 0 iterations and 0 nodes (0.24 seconds)
Cbc0001I Search completed - best objective 97578, took 0 iterations and 0 nodes (0.25 seconds)
Cbc0035I Maximum depth 0, 0 variables fixed on reduced cost
Cuts at root node changed objective from 97578 to 97578
Probing was tried 0 times and created 0 cuts of which 0 were active after adding rounds of cuts (0.000 seconds)
Gomory was tried 0 times and created 0 cuts of which 0 were active after adding rounds of cuts (0.000 seconds)
Knapsack was tried 0 times and created 0 cuts of which 0 were active after adding rounds of cuts (0.000 seconds)
Clique was tried 0 times and created 0 cuts of which 0 were active after adding rounds of cuts (0.000 seconds)
MixedIntegerRounding2 was tried 0 times and created 0 cuts of which 0 were active after adding rounds of cuts (0.000 seconds)
FlowCover was tried 0 times and created 0 cuts of which 0 were active after adding rounds of cuts (0.000 seconds)
TwoMirCuts was tried 0 times and created 0 cuts of which 0 were active after adding rounds of cuts (0.000 seconds)
ZeroHalf was tried 0 times and created 0 cuts of which 0 were active after adding rounds of cuts (0.000 seconds)

Result - Optimal solution found

Objective value:                97578.00000000
Enumerated nodes:               0
Total iterations:               0
Time (CPU seconds):             0.24
Time (Wallclock seconds):       0.25

Option for printingOptions changed from normal to all
Total time (CPU seconds):       0.25   (Wallclock seconds):       0.27

Setting parameter infeasibility_detection to true
Setting parameter log_to_console to true
Setting parameter time_limit to 3.000000e+02
cuOpt version: 25.10.1, git hash: 876fcfc, host arch: x86_64, device archs: 70-real,75-real,80-real,86-real,90a-real,100f-real,120a-real,120
CPU: Intel(R) Core(TM) i7-14700K, threads (physical/logical): 20/28, RAM: 11.52 GiB
CUDA 12.9, device: NVIDIA GeForce RTX 5070 Ti (ID 0), VRAM: 15.46 GiB
CUDA device UUID: 4bffffffbf6effffff8f-3a60-0c50-136c-

Solving a problem with 10100 constraints, 10100 variables (10100 integers), and 30000 nonzeros
Problem scaling:
Objective coefficents range:          [2e+01, 9e+03]
Constraint matrix coefficients range: [1e+00, 1e+00]
Constraint rhs / bounds range:        [0e+00, 1e+00]
Variable bounds range:                [0e+00, 1e+00]

Original problem: 10100 constraints, 10100 variables, 30000 nonzeros
Calling Papilo presolver
Presolve status: did not result in any changes
Presolve removed: 0 constraints, 0 variables, 0 nonzeros
Presolved problem: 10100 constraints, 10100 variables, 30000 nonzeros
Papilo presolve time: 0.013517
Objective offset 0.000000 scaling_factor 1.000000
Running presolve!
After trivial presolve: 10100 constraints, 10100 variables, objective offset 0.000000.
Using 7 CPU threads for B&B
Solving LP root relaxation
Scaling matrix. Maximum column norm 7.071068e+00
Dual Simplex Phase 1
Dual feasible solution found.
Dual Simplex Phase 2
 Iter     Objective           Num Inf.  Sum Inf.     Perturb  Time
    1 +0.0000000000000000e+00     100 1.49000000e+00 0.00e+00 0.01

Root relaxation solution found in 643 iterations and 0.02s
Root relaxation objective +1.00189000e+05

Optimal solution found at root node. Objective 1.0018900000000000e+05. Time 0.02.
Post-solve status: succeeded
Solution objective: 100189.000000 , relative_mip_gap 0.000000 solution_bound 100189.000000 presolve_time 0.013875 total_solve_time 1.575228 max constraint violation 0.000000 max int violation 0.000000 max var bounds violation 0.000000 nodes 0 simplex_iterations 643
Welcome to the CBC MILP Solver 
Version: 2.10.3 
Build Date: Dec 15 2019 

command line - /home/carlosizq/Investigacion_Carlos_Izquierdo/.venv/lib/python3.12/site-packages/pulp/apis/../solverdir/cbc/linux/i64/cbc /tmp/990875d468ed4f4ab53139958020174c-pulp.mps -sec 300 -timeMode elapsed -branch -printingOptions all -solution /tmp/990875d468ed4f4ab53139958020174c-pulp.sol (default strategy 1)
At line 2 NAME          MODEL
At line 3 ROWS
At line 10105 COLUMNS
At line 70306 RHS
At line 80407 BOUNDS
At line 90508 ENDATA
Problem MODEL has 10100 rows, 10100 columns and 30000 elements
Coin0008I MODEL read with 0 errors
seconds was changed from 1e+100 to 300
Option for timeMode changed from cpu to elapsed
Continuous objective value is 100189 - 0.11 seconds
Cgl0004I processed model has 10100 rows, 10100 columns (10100 integer (10100 of which binary)) and 30000 elements
Cutoff increment increased from 1e-05 to 0.9999
Cbc0038I Initial state - 0 integers unsatisfied sum - 0
Cbc0038I Solution found of 100189
Cbc0038I Before mini branch and bound, 10100 integers at bound fixed and 0 continuous
Cbc0038I Mini branch and bound did not improve solution (0.21 seconds)
Cbc0038I After 0.21 seconds - Feasibility pump exiting with objective of 100189 - took 0.01 seconds
Cbc0012I Integer solution of 100189 found by feasibility pump after 0 iterations and 0 nodes (0.21 seconds)
Cbc0001I Search completed - best objective 100189, took 0 iterations and 0 nodes (0.21 seconds)
Cbc0035I Maximum depth 0, 0 variables fixed on reduced cost
Cuts at root node changed objective from 100189 to 100189
Probing was tried 0 times and created 0 cuts of which 0 were active after adding rounds of cuts (0.000 seconds)
Gomory was tried 0 times and created 0 cuts of which 0 were active after adding rounds of cuts (0.000 seconds)
Knapsack was tried 0 times and created 0 cuts of which 0 were active after adding rounds of cuts (0.000 seconds)
Clique was tried 0 times and created 0 cuts of which 0 were active after adding rounds of cuts (0.000 seconds)
MixedIntegerRounding2 was tried 0 times and created 0 cuts of which 0 were active after adding rounds of cuts (0.000 seconds)
FlowCover was tried 0 times and created 0 cuts of which 0 were active after adding rounds of cuts (0.000 seconds)
TwoMirCuts was tried 0 times and created 0 cuts of which 0 were active after adding rounds of cuts (0.000 seconds)
ZeroHalf was tried 0 times and created 0 cuts of which 0 were active after adding rounds of cuts (0.000 seconds)

Result - Optimal solution found

Objective value:                100189.00000000
Enumerated nodes:               0
Total iterations:               0
Time (CPU seconds):             0.20
Time (Wallclock seconds):       0.22

Option for printingOptions changed from normal to all
Total time (CPU seconds):       0.22   (Wallclock seconds):       0.24

Setting parameter infeasibility_detection to true
Setting parameter log_to_console to true
Setting parameter time_limit to 3.000000e+02
cuOpt version: 25.10.1, git hash: 876fcfc, host arch: x86_64, device archs: 70-real,75-real,80-real,86-real,90a-real,100f-real,120a-real,120
CPU: Intel(R) Core(TM) i7-14700K, threads (physical/logical): 20/28, RAM: 11.56 GiB
CUDA 12.9, device: NVIDIA GeForce RTX 5070 Ti (ID 0), VRAM: 15.46 GiB
CUDA device UUID: 4bffffffbf6effffff8f-3a60-0c50-136c-

Solving a problem with 10100 constraints, 10100 variables (10100 integers), and 30000 nonzeros
Problem scaling:
Objective coefficents range:          [2e+01, 9e+03]
Constraint matrix coefficients range: [1e+00, 1e+00]
Constraint rhs / bounds range:        [0e+00, 1e+00]
Variable bounds range:                [0e+00, 1e+00]

Original problem: 10100 constraints, 10100 variables, 30000 nonzeros
Calling Papilo presolver
Presolve status: did not result in any changes
Presolve removed: 0 constraints, 0 variables, 0 nonzeros
Presolved problem: 10100 constraints, 10100 variables, 30000 nonzeros
Papilo presolve time: 0.014246
Objective offset 0.000000 scaling_factor 1.000000
Running presolve!
After trivial presolve: 10100 constraints, 10100 variables, objective offset 0.000000.
Using 7 CPU threads for B&B
Solving LP root relaxation
Scaling matrix. Maximum column norm 7.071068e+00
Dual Simplex Phase 1
Dual feasible solution found.
Dual Simplex Phase 2
 Iter     Objective           Num Inf.  Sum Inf.     Perturb  Time
    1 +0.0000000000000000e+00     100 1.49000000e+00 0.00e+00 0.01

Root relaxation solution found in 714 iterations and 0.02s
Root relaxation objective +9.86170000e+04

Optimal solution found at root node. Objective 9.8616999999999985e+04. Time 0.02.
Post-solve status: succeeded
Solution objective: 98617.000000 , relative_mip_gap 0.000000 solution_bound 98617.000000 presolve_time 0.014603 total_solve_time 1.583391 max constraint violation 0.000000 max int violation 0.000000 max var bounds violation 0.000000 nodes 0 simplex_iterations 714
Welcome to the CBC MILP Solver 
Version: 2.10.3 
Build Date: Dec 15 2019 

command line - /home/carlosizq/Investigacion_Carlos_Izquierdo/.venv/lib/python3.12/site-packages/pulp/apis/../solverdir/cbc/linux/i64/cbc /tmp/617453922c4e4326854344fc806edfb2-pulp.mps -sec 300 -timeMode elapsed -branch -printingOptions all -solution /tmp/617453922c4e4326854344fc806edfb2-pulp.sol (default strategy 1)
At line 2 NAME          MODEL
At line 3 ROWS
At line 10105 COLUMNS
At line 70306 RHS
At line 80407 BOUNDS
At line 90508 ENDATA
Problem MODEL has 10100 rows, 10100 columns and 30000 elements
Coin0008I MODEL read with 0 errors
seconds was changed from 1e+100 to 300
Option for timeMode changed from cpu to elapsed
Continuous objective value is 98617 - 0.12 seconds
Cgl0004I processed model has 10100 rows, 10100 columns (10100 integer (10100 of which binary)) and 30000 elements
Cutoff increment increased from 1e-05 to 0.9999
Cbc0038I Initial state - 0 integers unsatisfied sum - 0
Cbc0038I Solution found of 98617
Cbc0038I Before mini branch and bound, 10100 integers at bound fixed and 0 continuous
Cbc0038I Mini branch and bound did not improve solution (0.21 seconds)
Cbc0038I After 0.21 seconds - Feasibility pump exiting with objective of 98617 - took 0.01 seconds
Cbc0012I Integer solution of 98617 found by feasibility pump after 0 iterations and 0 nodes (0.21 seconds)
Cbc0001I Search completed - best objective 98617, took 0 iterations and 0 nodes (0.22 seconds)
Cbc0035I Maximum depth 0, 0 variables fixed on reduced cost
Cuts at root node changed objective from 98617 to 98617
Probing was tried 0 times and created 0 cuts of which 0 were active after adding rounds of cuts (0.000 seconds)
Gomory was tried 0 times and created 0 cuts of which 0 were active after adding rounds of cuts (0.000 seconds)
Knapsack was tried 0 times and created 0 cuts of which 0 were active after adding rounds of cuts (0.000 seconds)
Clique was tried 0 times and created 0 cuts of which 0 were active after adding rounds of cuts (0.000 seconds)
MixedIntegerRounding2 was tried 0 times and created 0 cuts of which 0 were active after adding rounds of cuts (0.000 seconds)
FlowCover was tried 0 times and created 0 cuts of which 0 were active after adding rounds of cuts (0.000 seconds)
TwoMirCuts was tried 0 times and created 0 cuts of which 0 were active after adding rounds of cuts (0.000 seconds)
ZeroHalf was tried 0 times and created 0 cuts of which 0 were active after adding rounds of cuts (0.000 seconds)

Result - Optimal solution found

Objective value:                98617.00000000
Enumerated nodes:               0
Total iterations:               0
Time (CPU seconds):             0.21
Time (Wallclock seconds):       0.23

Option for printingOptions changed from normal to all
Total time (CPU seconds):       0.23   (Wallclock seconds):       0.24

Setting parameter infeasibility_detection to true
Setting parameter log_to_console to true
Setting parameter time_limit to 3.000000e+02
cuOpt version: 25.10.1, git hash: 876fcfc, host arch: x86_64, device archs: 70-real,75-real,80-real,86-real,90a-real,100f-real,120a-real,120
CPU: Intel(R) Core(TM) i7-14700K, threads (physical/logical): 20/28, RAM: 11.56 GiB
CUDA 12.9, device: NVIDIA GeForce RTX 5070 Ti (ID 0), VRAM: 15.46 GiB
CUDA device UUID: 4bffffffbf6effffff8f-3a60-0c50-136c-

Solving a problem with 10100 constraints, 10100 variables (10100 integers), and 30000 nonzeros
Problem scaling:
Objective coefficents range:          [3e+01, 9e+03]
Constraint matrix coefficients range: [1e+00, 1e+00]
Constraint rhs / bounds range:        [0e+00, 1e+00]
Variable bounds range:                [0e+00, 1e+00]

Original problem: 10100 constraints, 10100 variables, 30000 nonzeros
Calling Papilo presolver
Presolve status: did not result in any changes
Presolve removed: 0 constraints, 0 variables, 0 nonzeros
Presolved problem: 10100 constraints, 10100 variables, 30000 nonzeros
Papilo presolve time: 0.012505
Objective offset 0.000000 scaling_factor 1.000000
Running presolve!
After trivial presolve: 10100 constraints, 10100 variables, objective offset 0.000000.
Using 7 CPU threads for B&B
Solving LP root relaxation
Scaling matrix. Maximum column norm 7.071068e+00
Dual Simplex Phase 1
Dual feasible solution found.
Dual Simplex Phase 2
 Iter     Objective           Num Inf.  Sum Inf.     Perturb  Time
    1 +0.0000000000000000e+00     100 1.49000000e+00 0.00e+00 0.01

Root relaxation solution found in 645 iterations and 0.02s
Root relaxation objective +9.69380000e+04

Optimal solution found at root node. Objective 9.6938000000000000e+04. Time 0.02.
Post-solve status: succeeded
Solution objective: 96938.000000 , relative_mip_gap 0.000000 solution_bound 96938.000000 presolve_time 0.012865 total_solve_time 1.591108 max constraint violation 0.000000 max int violation 0.000000 max var bounds violation 0.000000 nodes 0 simplex_iterations 645
Welcome to the CBC MILP Solver 
Version: 2.10.3 
Build Date: Dec 15 2019 

command line - /home/carlosizq/Investigacion_Carlos_Izquierdo/.venv/lib/python3.12/site-packages/pulp/apis/../solverdir/cbc/linux/i64/cbc /tmp/57034a85fe834020af7c4f987f432b93-pulp.mps -sec 300 -timeMode elapsed -branch -printingOptions all -solution /tmp/57034a85fe834020af7c4f987f432b93-pulp.sol (default strategy 1)
At line 2 NAME          MODEL
At line 3 ROWS
At line 10105 COLUMNS
At line 70306 RHS
At line 80407 BOUNDS
At line 90508 ENDATA
Problem MODEL has 10100 rows, 10100 columns and 30000 elements
Coin0008I MODEL read with 0 errors
seconds was changed from 1e+100 to 300
Option for timeMode changed from cpu to elapsed
Continuous objective value is 96938 - 0.12 seconds
Cgl0004I processed model has 10100 rows, 10100 columns (10100 integer (10100 of which binary)) and 30000 elements
Cutoff increment increased from 1e-05 to 0.9999
Cbc0038I Initial state - 0 integers unsatisfied sum - 0
Cbc0038I Solution found of 96938
Cbc0038I Before mini branch and bound, 10100 integers at bound fixed and 0 continuous
Cbc0038I Mini branch and bound did not improve solution (0.22 seconds)
Cbc0038I After 0.22 seconds - Feasibility pump exiting with objective of 96938 - took 0.01 seconds
Cbc0012I Integer solution of 96938 found by feasibility pump after 0 iterations and 0 nodes (0.22 seconds)
Cbc0001I Search completed - best objective 96938, took 0 iterations and 0 nodes (0.22 seconds)
Cbc0035I Maximum depth 0, 0 variables fixed on reduced cost
Cuts at root node changed objective from 96938 to 96938
Probing was tried 0 times and created 0 cuts of which 0 were active after adding rounds of cuts (0.000 seconds)
Gomory was tried 0 times and created 0 cuts of which 0 were active after adding rounds of cuts (0.000 seconds)
Knapsack was tried 0 times and created 0 cuts of which 0 were active after adding rounds of cuts (0.000 seconds)
Clique was tried 0 times and created 0 cuts of which 0 were active after adding rounds of cuts (0.000 seconds)
MixedIntegerRounding2 was tried 0 times and created 0 cuts of which 0 were active after adding rounds of cuts (0.000 seconds)
FlowCover was tried 0 times and created 0 cuts of which 0 were active after adding rounds of cuts (0.000 seconds)
TwoMirCuts was tried 0 times and created 0 cuts of which 0 were active after adding rounds of cuts (0.000 seconds)
ZeroHalf was tried 0 times and created 0 cuts of which 0 were active after adding rounds of cuts (0.000 seconds)

Result - Optimal solution found

Objective value:                96938.00000000
Enumerated nodes:               0
Total iterations:               0
Time (CPU seconds):             0.21
Time (Wallclock seconds):       0.23

Option for printingOptions changed from normal to all
Total time (CPU seconds):       0.23   (Wallclock seconds):       0.25

Setting parameter infeasibility_detection to true
Setting parameter log_to_console to true
Setting parameter time_limit to 3.000000e+02
cuOpt version: 25.10.1, git hash: 876fcfc, host arch: x86_64, device archs: 70-real,75-real,80-real,86-real,90a-real,100f-real,120a-real,120
CPU: Intel(R) Core(TM) i7-14700K, threads (physical/logical): 20/28, RAM: 11.53 GiB
CUDA 12.9, device: NVIDIA GeForce RTX 5070 Ti (ID 0), VRAM: 15.46 GiB
CUDA device UUID: 4bffffffbf6effffff8f-3a60-0c50-136c-

Solving a problem with 10100 constraints, 10100 variables (10100 integers), and 30000 nonzeros
Problem scaling:
Objective coefficents range:          [8e+01, 8e+03]
Constraint matrix coefficients range: [1e+00, 1e+00]
Constraint rhs / bounds range:        [0e+00, 1e+00]
Variable bounds range:                [0e+00, 1e+00]

Original problem: 10100 constraints, 10100 variables, 30000 nonzeros
Calling Papilo presolver
Presolve status: did not result in any changes
Presolve removed: 0 constraints, 0 variables, 0 nonzeros
Presolved problem: 10100 constraints, 10100 variables, 30000 nonzeros
Papilo presolve time: 0.012339
Objective offset 0.000000 scaling_factor 1.000000
Running presolve!
After trivial presolve: 10100 constraints, 10100 variables, objective offset 0.000000.
Using 7 CPU threads for B&B
Solving LP root relaxation
Scaling matrix. Maximum column norm 7.071068e+00
Dual Simplex Phase 1
Dual feasible solution found.
Dual Simplex Phase 2
 Iter     Objective           Num Inf.  Sum Inf.     Perturb  Time
    1 +0.0000000000000000e+00     100 1.49000000e+00 0.00e+00 0.01

Root relaxation solution found in 717 iterations and 0.02s
Root relaxation objective +9.46110000e+04

Optimal solution found at root node. Objective 9.4611000000000000e+04. Time 0.02.
Post-solve status: succeeded
Solution objective: 94611.000000 , relative_mip_gap 0.000000 solution_bound 94611.000000 presolve_time 0.012696 total_solve_time 1.590763 max constraint violation 0.000000 max int violation 0.000000 max var bounds violation 0.000000 nodes 0 simplex_iterations 717
Welcome to the CBC MILP Solver 
Version: 2.10.3 
Build Date: Dec 15 2019 

command line - /home/carlosizq/Investigacion_Carlos_Izquierdo/.venv/lib/python3.12/site-packages/pulp/apis/../solverdir/cbc/linux/i64/cbc /tmp/5fa83b75b96a441289faa463cc8a7dc8-pulp.mps -sec 300 -timeMode elapsed -branch -printingOptions all -solution /tmp/5fa83b75b96a441289faa463cc8a7dc8-pulp.sol (default strategy 1)
At line 2 NAME          MODEL
At line 3 ROWS
At line 10105 COLUMNS
At line 70306 RHS
At line 80407 BOUNDS
At line 90508 ENDATA
Problem MODEL has 10100 rows, 10100 columns and 30000 elements
Coin0008I MODEL read with 0 errors
seconds was changed from 1e+100 to 300
Option for timeMode changed from cpu to elapsed
Continuous objective value is 94611 - 0.16 seconds
Cgl0004I processed model has 10100 rows, 10100 columns (10100 integer (10100 of which binary)) and 30000 elements
Cutoff increment increased from 1e-05 to 0.9999
Cbc0038I Initial state - 0 integers unsatisfied sum - 0
Cbc0038I Solution found of 94611
Cbc0038I Before mini branch and bound, 10100 integers at bound fixed and 0 continuous
Cbc0038I Mini branch and bound did not improve solution (0.26 seconds)
Cbc0038I After 0.26 seconds - Feasibility pump exiting with objective of 94611 - took 0.01 seconds
Cbc0012I Integer solution of 94611 found by feasibility pump after 0 iterations and 0 nodes (0.26 seconds)
Cbc0001I Search completed - best objective 94611, took 0 iterations and 0 nodes (0.26 seconds)
Cbc0035I Maximum depth 0, 0 variables fixed on reduced cost
Cuts at root node changed objective from 94611 to 94611
Probing was tried 0 times and created 0 cuts of which 0 were active after adding rounds of cuts (0.000 seconds)
Gomory was tried 0 times and created 0 cuts of which 0 were active after adding rounds of cuts (0.000 seconds)
Knapsack was tried 0 times and created 0 cuts of which 0 were active after adding rounds of cuts (0.000 seconds)
Clique was tried 0 times and created 0 cuts of which 0 were active after adding rounds of cuts (0.000 seconds)
MixedIntegerRounding2 was tried 0 times and created 0 cuts of which 0 were active after adding rounds of cuts (0.000 seconds)
FlowCover was tried 0 times and created 0 cuts of which 0 were active after adding rounds of cuts (0.000 seconds)
TwoMirCuts was tried 0 times and created 0 cuts of which 0 were active after adding rounds of cuts (0.000 seconds)
ZeroHalf was tried 0 times and created 0 cuts of which 0 were active after adding rounds of cuts (0.000 seconds)

Result - Optimal solution found

Objective value:                94611.00000000
Enumerated nodes:               0
Total iterations:               0
Time (CPU seconds):             0.25
Time (Wallclock seconds):       0.27

Option for printingOptions changed from normal to all
Total time (CPU seconds):       0.26   (Wallclock seconds):       0.29

Setting parameter infeasibility_detection to true
Setting parameter log_to_console to true
Setting parameter time_limit to 3.000000e+02
cuOpt version: 25.10.1, git hash: 876fcfc, host arch: x86_64, device archs: 70-real,75-real,80-real,86-real,90a-real,100f-real,120a-real,120
CPU: Intel(R) Core(TM) i7-14700K, threads (physical/logical): 20/28, RAM: 11.58 GiB
CUDA 12.9, device: NVIDIA GeForce RTX 5070 Ti (ID 0), VRAM: 15.46 GiB
CUDA device UUID: 4bffffffbf6effffff8f-3a60-0c50-136c-

Solving a problem with 10100 constraints, 10100 variables (10100 integers), and 30000 nonzeros
Problem scaling:
Objective coefficents range:          [8e+01, 9e+03]
Constraint matrix coefficients range: [1e+00, 1e+00]
Constraint rhs / bounds range:        [0e+00, 1e+00]
Variable bounds range:                [0e+00, 1e+00]

Original problem: 10100 constraints, 10100 variables, 30000 nonzeros
Calling Papilo presolver
Presolve status: did not result in any changes
Presolve removed: 0 constraints, 0 variables, 0 nonzeros
Presolved problem: 10100 constraints, 10100 variables, 30000 nonzeros
Papilo presolve time: 0.013594
Objective offset 0.000000 scaling_factor 1.000000
Running presolve!
After trivial presolve: 10100 constraints, 10100 variables, objective offset 0.000000.
Using 7 CPU threads for B&B
Solving LP root relaxation
Scaling matrix. Maximum column norm 7.071068e+00
Dual Simplex Phase 1
Dual feasible solution found.
Dual Simplex Phase 2
 Iter     Objective           Num Inf.  Sum Inf.     Perturb  Time
    1 +0.0000000000000000e+00     100 1.49000000e+00 0.00e+00 0.01

Root relaxation solution found in 688 iterations and 0.01s
Root relaxation objective +9.80910000e+04

Optimal solution found at root node. Objective 9.8091000000000000e+04. Time 0.01.
Post-solve status: succeeded
Solution objective: 98091.000000 , relative_mip_gap 0.000000 solution_bound 98091.000000 presolve_time 0.013950 total_solve_time 1.584597 max constraint violation 0.000000 max int violation 0.000000 max var bounds violation 0.000000 nodes 0 simplex_iterations 688
Welcome to the CBC MILP Solver 
Version: 2.10.3 
Build Date: Dec 15 2019 

command line - /home/carlosizq/Investigacion_Carlos_Izquierdo/.venv/lib/python3.12/site-packages/pulp/apis/../solverdir/cbc/linux/i64/cbc /tmp/78ab10c3d9b0468e93ce6178d7abbb91-pulp.mps -sec 300 -timeMode elapsed -branch -printingOptions all -solution /tmp/78ab10c3d9b0468e93ce6178d7abbb91-pulp.sol (default strategy 1)
At line 2 NAME          MODEL
At line 3 ROWS
At line 10105 COLUMNS
At line 70306 RHS
At line 80407 BOUNDS
At line 90508 ENDATA
Problem MODEL has 10100 rows, 10100 columns and 30000 elements
Coin0008I MODEL read with 0 errors
seconds was changed from 1e+100 to 300
Option for timeMode changed from cpu to elapsed
Continuous objective value is 98091 - 0.13 seconds
Cgl0004I processed model has 10100 rows, 10100 columns (10100 integer (10100 of which binary)) and 30000 elements
Cutoff increment increased from 1e-05 to 0.9999
Cbc0038I Initial state - 0 integers unsatisfied sum - 0
Cbc0038I Solution found of 98091
Cbc0038I Before mini branch and bound, 10100 integers at bound fixed and 0 continuous
Cbc0038I Mini branch and bound did not improve solution (0.22 seconds)
Cbc0038I After 0.22 seconds - Feasibility pump exiting with objective of 98091 - took 0.01 seconds
Cbc0012I Integer solution of 98091 found by feasibility pump after 0 iterations and 0 nodes (0.22 seconds)
Cbc0001I Search completed - best objective 98091, took 0 iterations and 0 nodes (0.23 seconds)
Cbc0035I Maximum depth 0, 0 variables fixed on reduced cost
Cuts at root node changed objective from 98091 to 98091
Probing was tried 0 times and created 0 cuts of which 0 were active after adding rounds of cuts (0.000 seconds)
Gomory was tried 0 times and created 0 cuts of which 0 were active after adding rounds of cuts (0.000 seconds)
Knapsack was tried 0 times and created 0 cuts of which 0 were active after adding rounds of cuts (0.000 seconds)
Clique was tried 0 times and created 0 cuts of which 0 were active after adding rounds of cuts (0.000 seconds)
MixedIntegerRounding2 was tried 0 times and created 0 cuts of which 0 were active after adding rounds of cuts (0.000 seconds)
FlowCover was tried 0 times and created 0 cuts of which 0 were active after adding rounds of cuts (0.000 seconds)
TwoMirCuts was tried 0 times and created 0 cuts of which 0 were active after adding rounds of cuts (0.000 seconds)
ZeroHalf was tried 0 times and created 0 cuts of which 0 were active after adding rounds of cuts (0.000 seconds)

Result - Optimal solution found

Objective value:                98091.00000000
Enumerated nodes:               0
Total iterations:               0
Time (CPU seconds):             0.21
Time (Wallclock seconds):       0.23

Option for printingOptions changed from normal to all
Total time (CPU seconds):       0.23   (Wallclock seconds):       0.25

Setting parameter infeasibility_detection to true
Setting parameter log_to_console to true
Setting parameter time_limit to 3.000000e+02
cuOpt version: 25.10.1, git hash: 876fcfc, host arch: x86_64, device archs: 70-real,75-real,80-real,86-real,90a-real,100f-real,120a-real,120
CPU: Intel(R) Core(TM) i7-14700K, threads (physical/logical): 20/28, RAM: 11.59 GiB
CUDA 12.9, device: NVIDIA GeForce RTX 5070 Ti (ID 0), VRAM: 15.46 GiB
CUDA device UUID: 4bffffffbf6effffff8f-3a60-0c50-136c-

Solving a problem with 10100 constraints, 10100 variables (10100 integers), and 30000 nonzeros
Problem scaling:
Objective coefficents range:          [2e+01, 8e+03]
Constraint matrix coefficients range: [1e+00, 1e+00]
Constraint rhs / bounds range:        [0e+00, 1e+00]
Variable bounds range:                [0e+00, 1e+00]

Original problem: 10100 constraints, 10100 variables, 30000 nonzeros
Calling Papilo presolver
Presolve status: did not result in any changes
Presolve removed: 0 constraints, 0 variables, 0 nonzeros
Presolved problem: 10100 constraints, 10100 variables, 30000 nonzeros
Papilo presolve time: 0.012345
Objective offset 0.000000 scaling_factor 1.000000
Running presolve!
After trivial presolve: 10100 constraints, 10100 variables, objective offset 0.000000.
Using 7 CPU threads for B&B
Solving LP root relaxation
Scaling matrix. Maximum column norm 7.071068e+00
Dual Simplex Phase 1
Dual feasible solution found.
Dual Simplex Phase 2
 Iter     Objective           Num Inf.  Sum Inf.     Perturb  Time
    1 +0.0000000000000000e+00     100 1.49000000e+00 0.00e+00 0.01

Root relaxation solution found in 674 iterations and 0.02s
Root relaxation objective +9.82380000e+04

Optimal solution found at root node. Objective 9.8238000000000000e+04. Time 0.02.
Post-solve status: succeeded
Solution objective: 98238.000000 , relative_mip_gap 0.000000 solution_bound 98238.000000 presolve_time 0.012703 total_solve_time 1.578432 max constraint violation 0.000000 max int violation 0.000000 max var bounds violation 0.000000 nodes 0 simplex_iterations 674
Welcome to the CBC MILP Solver 
Version: 2.10.3 
Build Date: Dec 15 2019 

command line - /home/carlosizq/Investigacion_Carlos_Izquierdo/.venv/lib/python3.12/site-packages/pulp/apis/../solverdir/cbc/linux/i64/cbc /tmp/187fc0ffc5a044d7a59f1cfca03b218e-pulp.mps -sec 300 -timeMode elapsed -branch -printingOptions all -solution /tmp/187fc0ffc5a044d7a59f1cfca03b218e-pulp.sol (default strategy 1)
At line 2 NAME          MODEL
At line 3 ROWS
At line 10105 COLUMNS
At line 70306 RHS
At line 80407 BOUNDS
At line 90508 ENDATA
Problem MODEL has 10100 rows, 10100 columns and 30000 elements
Coin0008I MODEL read with 0 errors
seconds was changed from 1e+100 to 300
Option for timeMode changed from cpu to elapsed
Continuous objective value is 98238 - 0.13 seconds
Cgl0004I processed model has 10100 rows, 10100 columns (10100 integer (10100 of which binary)) and 30000 elements
Cutoff increment increased from 1e-05 to 0.9999
Cbc0038I Initial state - 0 integers unsatisfied sum - 0
Cbc0038I Solution found of 98238
Cbc0038I Before mini branch and bound, 10100 integers at bound fixed and 0 continuous
Cbc0038I Mini branch and bound did not improve solution (0.23 seconds)
Cbc0038I After 0.23 seconds - Feasibility pump exiting with objective of 98238 - took 0.01 seconds
Cbc0012I Integer solution of 98238 found by feasibility pump after 0 iterations and 0 nodes (0.23 seconds)
Cbc0001I Search completed - best objective 98238, took 0 iterations and 0 nodes (0.24 seconds)
Cbc0035I Maximum depth 0, 0 variables fixed on reduced cost
Cuts at root node changed objective from 98238 to 98238
Probing was tried 0 times and created 0 cuts of which 0 were active after adding rounds of cuts (0.000 seconds)
Gomory was tried 0 times and created 0 cuts of which 0 were active after adding rounds of cuts (0.000 seconds)
Knapsack was tried 0 times and created 0 cuts of which 0 were active after adding rounds of cuts (0.000 seconds)
Clique was tried 0 times and created 0 cuts of which 0 were active after adding rounds of cuts (0.000 seconds)
MixedIntegerRounding2 was tried 0 times and created 0 cuts of which 0 were active after adding rounds of cuts (0.000 seconds)
FlowCover was tried 0 times and created 0 cuts of which 0 were active after adding rounds of cuts (0.000 seconds)
TwoMirCuts was tried 0 times and created 0 cuts of which 0 were active after adding rounds of cuts (0.000 seconds)
ZeroHalf was tried 0 times and created 0 cuts of which 0 were active after adding rounds of cuts (0.000 seconds)

Result - Optimal solution found

Objective value:                98238.00000000
Enumerated nodes:               0
Total iterations:               0
Time (CPU seconds):             0.23
Time (Wallclock seconds):       0.24

Option for printingOptions changed from normal to all
Total time (CPU seconds):       0.25   (Wallclock seconds):       0.27

Setting parameter infeasibility_detection to true
Setting parameter log_to_console to true
Setting parameter time_limit to 3.000000e+02
cuOpt version: 25.10.1, git hash: 876fcfc, host arch: x86_64, device archs: 70-real,75-real,80-real,86-real,90a-real,100f-real,120a-real,120
CPU: Intel(R) Core(TM) i7-14700K, threads (physical/logical): 20/28, RAM: 11.58 GiB
CUDA 12.9, device: NVIDIA GeForce RTX 5070 Ti (ID 0), VRAM: 15.46 GiB
CUDA device UUID: 4bffffffbf6effffff8f-3a60-0c50-136c-

Solving a problem with 10100 constraints, 10100 variables (10100 integers), and 30000 nonzeros
Problem scaling:
Objective coefficents range:          [2e+01, 9e+03]
Constraint matrix coefficients range: [1e+00, 1e+00]
Constraint rhs / bounds range:        [0e+00, 1e+00]
Variable bounds range:                [0e+00, 1e+00]

Original problem: 10100 constraints, 10100 variables, 30000 nonzeros
Calling Papilo presolver
Presolve status: did not result in any changes
Presolve removed: 0 constraints, 0 variables, 0 nonzeros
Presolved problem: 10100 constraints, 10100 variables, 30000 nonzeros
Papilo presolve time: 0.013459
Objective offset 0.000000 scaling_factor 1.000000
Running presolve!
After trivial presolve: 10100 constraints, 10100 variables, objective offset 0.000000.
Using 7 CPU threads for B&B
Solving LP root relaxation
Scaling matrix. Maximum column norm 7.071068e+00
Dual Simplex Phase 1
Dual feasible solution found.
Dual Simplex Phase 2
 Iter     Objective           Num Inf.  Sum Inf.     Perturb  Time
    1 +0.0000000000000000e+00     100 1.49000000e+00 0.00e+00 0.01

Root relaxation solution found in 705 iterations and 0.02s
Root relaxation objective +9.74190000e+04

Optimal solution found at root node. Objective 9.7419000000000000e+04. Time 0.02.
Post-solve status: succeeded
Solution objective: 97419.000000 , relative_mip_gap 0.000000 solution_bound 97419.000000 presolve_time 0.013821 total_solve_time 1.694040 max constraint violation 0.000000 max int violation 0.000000 max var bounds violation 0.000000 nodes 0 simplex_iterations 705
Welcome to the CBC MILP Solver 
Version: 2.10.3 
Build Date: Dec 15 2019 

command line - /home/carlosizq/Investigacion_Carlos_Izquierdo/.venv/lib/python3.12/site-packages/pulp/apis/../solverdir/cbc/linux/i64/cbc /tmp/9f03bd0f82e54228b92a14a167419b3c-pulp.mps -sec 300 -timeMode elapsed -branch -printingOptions all -solution /tmp/9f03bd0f82e54228b92a14a167419b3c-pulp.sol (default strategy 1)
At line 2 NAME          MODEL
At line 3 ROWS
At line 10105 COLUMNS
At line 70306 RHS
At line 80407 BOUNDS
At line 90508 ENDATA
Problem MODEL has 10100 rows, 10100 columns and 30000 elements
Coin0008I MODEL read with 0 errors
seconds was changed from 1e+100 to 300
Option for timeMode changed from cpu to elapsed
Continuous objective value is 97419 - 0.13 seconds
Cgl0004I processed model has 10100 rows, 10100 columns (10100 integer (10100 of which binary)) and 30000 elements
Cutoff increment increased from 1e-05 to 0.9999
Cbc0038I Initial state - 0 integers unsatisfied sum - 0
Cbc0038I Solution found of 97419
Cbc0038I Before mini branch and bound, 10100 integers at bound fixed and 0 continuous
Cbc0038I Mini branch and bound did not improve solution (0.23 seconds)
Cbc0038I After 0.23 seconds - Feasibility pump exiting with objective of 97419 - took 0.01 seconds
Cbc0012I Integer solution of 97419 found by feasibility pump after 0 iterations and 0 nodes (0.23 seconds)
Cbc0001I Search completed - best objective 97419, took 0 iterations and 0 nodes (0.23 seconds)
Cbc0035I Maximum depth 0, 0 variables fixed on reduced cost
Cuts at root node changed objective from 97419 to 97419
Probing was tried 0 times and created 0 cuts of which 0 were active after adding rounds of cuts (0.000 seconds)
Gomory was tried 0 times and created 0 cuts of which 0 were active after adding rounds of cuts (0.000 seconds)
Knapsack was tried 0 times and created 0 cuts of which 0 were active after adding rounds of cuts (0.000 seconds)
Clique was tried 0 times and created 0 cuts of which 0 were active after adding rounds of cuts (0.000 seconds)
MixedIntegerRounding2 was tried 0 times and created 0 cuts of which 0 were active after adding rounds of cuts (0.000 seconds)
FlowCover was tried 0 times and created 0 cuts of which 0 were active after adding rounds of cuts (0.000 seconds)
TwoMirCuts was tried 0 times and created 0 cuts of which 0 were active after adding rounds of cuts (0.000 seconds)
ZeroHalf was tried 0 times and created 0 cuts of which 0 were active after adding rounds of cuts (0.000 seconds)

Result - Optimal solution found

Objective value:                97419.00000000
Enumerated nodes:               0
Total iterations:               0
Time (CPU seconds):             0.22
Time (Wallclock seconds):       0.24

Option for printingOptions changed from normal to all
Total time (CPU seconds):       0.24   (Wallclock seconds):       0.26

Setting parameter infeasibility_detection to true
Setting parameter log_to_console to true
Setting parameter time_limit to 3.000000e+02
cuOpt version: 25.10.1, git hash: 876fcfc, host arch: x86_64, device archs: 70-real,75-real,80-real,86-real,90a-real,100f-real,120a-real,120
CPU: Intel(R) Core(TM) i7-14700K, threads (physical/logical): 20/28, RAM: 11.53 GiB
CUDA 12.9, device: NVIDIA GeForce RTX 5070 Ti (ID 0), VRAM: 15.46 GiB
CUDA device UUID: 4bffffffbf6effffff8f-3a60-0c50-136c-

Solving a problem with 10100 constraints, 10100 variables (10100 integers), and 30000 nonzeros
Problem scaling:
Objective coefficents range:          [2e+01, 9e+03]
Constraint matrix coefficients range: [1e+00, 1e+00]
Constraint rhs / bounds range:        [0e+00, 1e+00]
Variable bounds range:                [0e+00, 1e+00]

Original problem: 10100 constraints, 10100 variables, 30000 nonzeros
Calling Papilo presolver
Presolve status: did not result in any changes
Presolve removed: 0 constraints, 0 variables, 0 nonzeros
Presolved problem: 10100 constraints, 10100 variables, 30000 nonzeros
Papilo presolve time: 0.013448
Objective offset 0.000000 scaling_factor 1.000000
Running presolve!
After trivial presolve: 10100 constraints, 10100 variables, objective offset 0.000000.
Using 7 CPU threads for B&B
Solving LP root relaxation
Scaling matrix. Maximum column norm 7.071068e+00
Dual Simplex Phase 1
Dual feasible solution found.
Dual Simplex Phase 2
 Iter     Objective           Num Inf.  Sum Inf.     Perturb  Time
    1 +0.0000000000000000e+00     100 1.49000000e+00 0.00e+00 0.01

Root relaxation solution found in 691 iterations and 0.02s
Root relaxation objective +9.67150000e+04

Optimal solution found at root node. Objective 9.6715000000000000e+04. Time 0.02.
Post-solve status: succeeded
Solution objective: 96715.000000 , relative_mip_gap 0.000000 solution_bound 96715.000000 presolve_time 0.013809 total_solve_time 1.582397 max constraint violation 0.000000 max int violation 0.000000 max var bounds violation 0.000000 nodes 0 simplex_iterations 691
Welcome to the CBC MILP Solver 
Version: 2.10.3 
Build Date: Dec 15 2019 

command line - /home/carlosizq/Investigacion_Carlos_Izquierdo/.venv/lib/python3.12/site-packages/pulp/apis/../solverdir/cbc/linux/i64/cbc /tmp/00fe85a5f9c3429e81cfdabdbc75e6f0-pulp.mps -sec 300 -timeMode elapsed -branch -printingOptions all -solution /tmp/00fe85a5f9c3429e81cfdabdbc75e6f0-pulp.sol (default strategy 1)
At line 2 NAME          MODEL
At line 3 ROWS
At line 10105 COLUMNS
At line 70306 RHS
At line 80407 BOUNDS
At line 90508 ENDATA
Problem MODEL has 10100 rows, 10100 columns and 30000 elements
Coin0008I MODEL read with 0 errors
seconds was changed from 1e+100 to 300
Option for timeMode changed from cpu to elapsed
Continuous objective value is 96715 - 0.13 seconds
Cgl0004I processed model has 10100 rows, 10100 columns (10100 integer (10100 of which binary)) and 30000 elements
Cutoff increment increased from 1e-05 to 0.9999
Cbc0038I Initial state - 0 integers unsatisfied sum - 0
Cbc0038I Solution found of 96715
Cbc0038I Before mini branch and bound, 10100 integers at bound fixed and 0 continuous
Cbc0038I Mini branch and bound did not improve solution (0.23 seconds)
Cbc0038I After 0.23 seconds - Feasibility pump exiting with objective of 96715 - took 0.01 seconds
Cbc0012I Integer solution of 96715 found by feasibility pump after 0 iterations and 0 nodes (0.23 seconds)
Cbc0001I Search completed - best objective 96715, took 0 iterations and 0 nodes (0.23 seconds)
Cbc0035I Maximum depth 0, 0 variables fixed on reduced cost
Cuts at root node changed objective from 96715 to 96715
Probing was tried 0 times and created 0 cuts of which 0 were active after adding rounds of cuts (0.000 seconds)
Gomory was tried 0 times and created 0 cuts of which 0 were active after adding rounds of cuts (0.000 seconds)
Knapsack was tried 0 times and created 0 cuts of which 0 were active after adding rounds of cuts (0.000 seconds)
Clique was tried 0 times and created 0 cuts of which 0 were active after adding rounds of cuts (0.000 seconds)
MixedIntegerRounding2 was tried 0 times and created 0 cuts of which 0 were active after adding rounds of cuts (0.000 seconds)
FlowCover was tried 0 times and created 0 cuts of which 0 were active after adding rounds of cuts (0.000 seconds)
TwoMirCuts was tried 0 times and created 0 cuts of which 0 were active after adding rounds of cuts (0.000 seconds)
ZeroHalf was tried 0 times and created 0 cuts of which 0 were active after adding rounds of cuts (0.000 seconds)

Result - Optimal solution found

Objective value:                96715.00000000
Enumerated nodes:               0
Total iterations:               0
Time (CPU seconds):             0.22
Time (Wallclock seconds):       0.24

Option for printingOptions changed from normal to all
Total time (CPU seconds):       0.24   (Wallclock seconds):       0.26

Setting parameter infeasibility_detection to true
Setting parameter log_to_console to true
Setting parameter time_limit to 3.000000e+02
cuOpt version: 25.10.1, git hash: 876fcfc, host arch: x86_64, device archs: 70-real,75-real,80-real,86-real,90a-real,100f-real,120a-real,120
CPU: Intel(R) Core(TM) i7-14700K, threads (physical/logical): 20/28, RAM: 11.59 GiB
CUDA 12.9, device: NVIDIA GeForce RTX 5070 Ti (ID 0), VRAM: 15.46 GiB
CUDA device UUID: 4bffffffbf6effffff8f-3a60-0c50-136c-

Solving a problem with 10100 constraints, 10100 variables (10100 integers), and 30000 nonzeros
Problem scaling:
Objective coefficents range:          [2e+01, 9e+03]
Constraint matrix coefficients range: [1e+00, 1e+00]
Constraint rhs / bounds range:        [0e+00, 1e+00]
Variable bounds range:                [0e+00, 1e+00]

Original problem: 10100 constraints, 10100 variables, 30000 nonzeros
Calling Papilo presolver
Presolve status: did not result in any changes
Presolve removed: 0 constraints, 0 variables, 0 nonzeros
Presolved problem: 10100 constraints, 10100 variables, 30000 nonzeros
Papilo presolve time: 0.014176
Objective offset 0.000000 scaling_factor 1.000000
Running presolve!
After trivial presolve: 10100 constraints, 10100 variables, objective offset 0.000000.
Using 7 CPU threads for B&B
Solving LP root relaxation
Scaling matrix. Maximum column norm 7.071068e+00
Dual Simplex Phase 1
Dual feasible solution found.
Dual Simplex Phase 2
 Iter     Objective           Num Inf.  Sum Inf.     Perturb  Time
    1 +0.0000000000000000e+00     100 1.49000000e+00 0.00e+00 0.01

Root relaxation solution found in 685 iterations and 0.02s
Root relaxation objective +9.91950000e+04

Optimal solution found at root node. Objective 9.9195000000000015e+04. Time 0.02.
Post-solve status: succeeded
Solution objective: 99195.000000 , relative_mip_gap 0.000000 solution_bound 99195.000000 presolve_time 0.014533 total_solve_time 1.574529 max constraint violation 0.000000 max int violation 0.000000 max var bounds violation 0.000000 nodes 0 simplex_iterations 685
Welcome to the CBC MILP Solver 
Version: 2.10.3 
Build Date: Dec 15 2019 

command line - /home/carlosizq/Investigacion_Carlos_Izquierdo/.venv/lib/python3.12/site-packages/pulp/apis/../solverdir/cbc/linux/i64/cbc /tmp/46ac84f871d14598ade49b0467fb129a-pulp.mps -sec 300 -timeMode elapsed -branch -printingOptions all -solution /tmp/46ac84f871d14598ade49b0467fb129a-pulp.sol (default strategy 1)
At line 2 NAME          MODEL
At line 3 ROWS
At line 10105 COLUMNS
At line 70306 RHS
At line 80407 BOUNDS
At line 90508 ENDATA
Problem MODEL has 10100 rows, 10100 columns and 30000 elements
Coin0008I MODEL read with 0 errors
seconds was changed from 1e+100 to 300
Option for timeMode changed from cpu to elapsed
Continuous objective value is 99195 - 0.14 seconds
Cgl0004I processed model has 10100 rows, 10100 columns (10100 integer (10100 of which binary)) and 30000 elements
Cutoff increment increased from 1e-05 to 0.9999
Cbc0038I Initial state - 0 integers unsatisfied sum - 0
Cbc0038I Solution found of 99195
Cbc0038I Before mini branch and bound, 10100 integers at bound fixed and 0 continuous
Cbc0038I Mini branch and bound did not improve solution (0.24 seconds)
Cbc0038I After 0.24 seconds - Feasibility pump exiting with objective of 99195 - took 0.01 seconds
Cbc0012I Integer solution of 99195 found by feasibility pump after 0 iterations and 0 nodes (0.24 seconds)
Cbc0001I Search completed - best objective 99195, took 0 iterations and 0 nodes (0.24 seconds)
Cbc0035I Maximum depth 0, 0 variables fixed on reduced cost
Cuts at root node changed objective from 99195 to 99195
Probing was tried 0 times and created 0 cuts of which 0 were active after adding rounds of cuts (0.000 seconds)
Gomory was tried 0 times and created 0 cuts of which 0 were active after adding rounds of cuts (0.000 seconds)
Knapsack was tried 0 times and created 0 cuts of which 0 were active after adding rounds of cuts (0.000 seconds)
Clique was tried 0 times and created 0 cuts of which 0 were active after adding rounds of cuts (0.000 seconds)
MixedIntegerRounding2 was tried 0 times and created 0 cuts of which 0 were active after adding rounds of cuts (0.000 seconds)
FlowCover was tried 0 times and created 0 cuts of which 0 were active after adding rounds of cuts (0.000 seconds)
TwoMirCuts was tried 0 times and created 0 cuts of which 0 were active after adding rounds of cuts (0.000 seconds)
ZeroHalf was tried 0 times and created 0 cuts of which 0 were active after adding rounds of cuts (0.000 seconds)

Result - Optimal solution found

Objective value:                99195.00000000
Enumerated nodes:               0
Total iterations:               0
Time (CPU seconds):             0.24
Time (Wallclock seconds):       0.25

Option for printingOptions changed from normal to all
Total time (CPU seconds):       0.25   (Wallclock seconds):       0.27

Setting parameter infeasibility_detection to true
Setting parameter log_to_console to true
Setting parameter time_limit to 3.000000e+02
cuOpt version: 25.10.1, git hash: 876fcfc, host arch: x86_64, device archs: 70-real,75-real,80-real,86-real,90a-real,100f-real,120a-real,120
CPU: Intel(R) Core(TM) i7-14700K, threads (physical/logical): 20/28, RAM: 11.62 GiB
CUDA 12.9, device: NVIDIA GeForce RTX 5070 Ti (ID 0), VRAM: 15.46 GiB
CUDA device UUID: 4bffffffbf6effffff8f-3a60-0c50-136c-

Solving a problem with 10100 constraints, 10100 variables (10100 integers), and 30000 nonzeros
Problem scaling:
Objective coefficents range:          [8e+01, 9e+03]
Constraint matrix coefficients range: [1e+00, 1e+00]
Constraint rhs / bounds range:        [0e+00, 1e+00]
Variable bounds range:                [0e+00, 1e+00]

Original problem: 10100 constraints, 10100 variables, 30000 nonzeros
Calling Papilo presolver
Presolve status: did not result in any changes
Presolve removed: 0 constraints, 0 variables, 0 nonzeros
Presolved problem: 10100 constraints, 10100 variables, 30000 nonzeros
Papilo presolve time: 0.014320
Objective offset 0.000000 scaling_factor 1.000000
Running presolve!
After trivial presolve: 10100 constraints, 10100 variables, objective offset 0.000000.
Using 7 CPU threads for B&B
Solving LP root relaxation
Scaling matrix. Maximum column norm 7.071068e+00
Dual Simplex Phase 1
Dual feasible solution found.
Dual Simplex Phase 2
 Iter     Objective           Num Inf.  Sum Inf.     Perturb  Time
    1 +0.0000000000000000e+00     100 1.49000000e+00 0.00e+00 0.01

Root relaxation solution found in 716 iterations and 0.02s
Root relaxation objective +9.60880000e+04

Optimal solution found at root node. Objective 9.6088000000000000e+04. Time 0.02.
Post-solve status: succeeded
Solution objective: 96088.000000 , relative_mip_gap 0.000000 solution_bound 96088.000000 presolve_time 0.014680 total_solve_time 1.606079 max constraint violation 0.000000 max int violation 0.000000 max var bounds violation 0.000000 nodes 0 simplex_iterations 716
Welcome to the CBC MILP Solver 
Version: 2.10.3 
Build Date: Dec 15 2019 

command line - /home/carlosizq/Investigacion_Carlos_Izquierdo/.venv/lib/python3.12/site-packages/pulp/apis/../solverdir/cbc/linux/i64/cbc /tmp/e5344c17989948ceb1e6b7935db9fa99-pulp.mps -sec 300 -timeMode elapsed -branch -printingOptions all -solution /tmp/e5344c17989948ceb1e6b7935db9fa99-pulp.sol (default strategy 1)
At line 2 NAME          MODEL
At line 3 ROWS
At line 10105 COLUMNS
At line 70306 RHS
At line 80407 BOUNDS
At line 90508 ENDATA
Problem MODEL has 10100 rows, 10100 columns and 30000 elements
Coin0008I MODEL read with 0 errors
seconds was changed from 1e+100 to 300
Option for timeMode changed from cpu to elapsed
Continuous objective value is 96088 - 0.12 seconds
Cgl0004I processed model has 10100 rows, 10100 columns (10100 integer (10100 of which binary)) and 30000 elements
Cutoff increment increased from 1e-05 to 0.9999
Cbc0038I Initial state - 0 integers unsatisfied sum - 0
Cbc0038I Solution found of 96088
Cbc0038I Before mini branch and bound, 10100 integers at bound fixed and 0 continuous
Cbc0038I Mini branch and bound did not improve solution (0.22 seconds)
Cbc0038I After 0.22 seconds - Feasibility pump exiting with objective of 96088 - took 0.01 seconds
Cbc0012I Integer solution of 96088 found by feasibility pump after 0 iterations and 0 nodes (0.22 seconds)
Cbc0001I Search completed - best objective 96088, took 0 iterations and 0 nodes (0.23 seconds)
Cbc0035I Maximum depth 0, 0 variables fixed on reduced cost
Cuts at root node changed objective from 96088 to 96088
Probing was tried 0 times and created 0 cuts of which 0 were active after adding rounds of cuts (0.000 seconds)
Gomory was tried 0 times and created 0 cuts of which 0 were active after adding rounds of cuts (0.000 seconds)
Knapsack was tried 0 times and created 0 cuts of which 0 were active after adding rounds of cuts (0.000 seconds)
Clique was tried 0 times and created 0 cuts of which 0 were active after adding rounds of cuts (0.000 seconds)
MixedIntegerRounding2 was tried 0 times and created 0 cuts of which 0 were active after adding rounds of cuts (0.000 seconds)
FlowCover was tried 0 times and created 0 cuts of which 0 were active after adding rounds of cuts (0.000 seconds)
TwoMirCuts was tried 0 times and created 0 cuts of which 0 were active after adding rounds of cuts (0.000 seconds)
ZeroHalf was tried 0 times and created 0 cuts of which 0 were active after adding rounds of cuts (0.000 seconds)

Result - Optimal solution found

Objective value:                96088.00000000
Enumerated nodes:               0
Total iterations:               0
Time (CPU seconds):             0.22
Time (Wallclock seconds):       0.23

Option for printingOptions changed from normal to all
Total time (CPU seconds):       0.23   (Wallclock seconds):       0.25

Setting parameter infeasibility_detection to true
Setting parameter log_to_console to true
Setting parameter time_limit to 3.000000e+02
cuOpt version: 25.10.1, git hash: 876fcfc, host arch: x86_64, device archs: 70-real,75-real,80-real,86-real,90a-real,100f-real,120a-real,120
CPU: Intel(R) Core(TM) i7-14700K, threads (physical/logical): 20/28, RAM: 11.59 GiB
CUDA 12.9, device: NVIDIA GeForce RTX 5070 Ti (ID 0), VRAM: 15.46 GiB
CUDA device UUID: 4bffffffbf6effffff8f-3a60-0c50-136c-

Solving a problem with 10100 constraints, 10100 variables (10100 integers), and 30000 nonzeros
Problem scaling:
Objective coefficents range:          [4e+01, 9e+03]
Constraint matrix coefficients range: [1e+00, 1e+00]
Constraint rhs / bounds range:        [0e+00, 1e+00]
Variable bounds range:                [0e+00, 1e+00]

Original problem: 10100 constraints, 10100 variables, 30000 nonzeros
Calling Papilo presolver
Presolve status: did not result in any changes
Presolve removed: 0 constraints, 0 variables, 0 nonzeros
Presolved problem: 10100 constraints, 10100 variables, 30000 nonzeros
Papilo presolve time: 0.014273
Objective offset 0.000000 scaling_factor 1.000000
Running presolve!
After trivial presolve: 10100 constraints, 10100 variables, objective offset 0.000000.
Using 7 CPU threads for B&B
Solving LP root relaxation
Scaling matrix. Maximum column norm 7.071068e+00
Dual Simplex Phase 1
Dual feasible solution found.
Dual Simplex Phase 2
 Iter     Objective           Num Inf.  Sum Inf.     Perturb  Time
    1 +0.0000000000000000e+00     100 1.49000000e+00 0.00e+00 0.01

Root relaxation solution found in 708 iterations and 0.01s
Root relaxation objective +9.38450000e+04

Optimal solution found at root node. Objective 9.3844999999999985e+04. Time 0.01.
Post-solve status: succeeded
Solution objective: 93845.000000 , relative_mip_gap 0.000000 solution_bound 93845.000000 presolve_time 0.014634 total_solve_time 1.588559 max constraint violation 0.000000 max int violation 0.000000 max var bounds violation 0.000000 nodes 0 simplex_iterations 708
Welcome to the CBC MILP Solver 
Version: 2.10.3 
Build Date: Dec 15 2019 

command line - /home/carlosizq/Investigacion_Carlos_Izquierdo/.venv/lib/python3.12/site-packages/pulp/apis/../solverdir/cbc/linux/i64/cbc /tmp/4da9912e930943a998f580691c22d8fa-pulp.mps -sec 300 -timeMode elapsed -branch -printingOptions all -solution /tmp/4da9912e930943a998f580691c22d8fa-pulp.sol (default strategy 1)
At line 2 NAME          MODEL
At line 3 ROWS
At line 10105 COLUMNS
At line 70306 RHS
At line 80407 BOUNDS
At line 90508 ENDATA
Problem MODEL has 10100 rows, 10100 columns and 30000 elements
Coin0008I MODEL read with 0 errors
seconds was changed from 1e+100 to 300
Option for timeMode changed from cpu to elapsed
Continuous objective value is 93845 - 0.12 seconds
Cgl0004I processed model has 10100 rows, 10100 columns (10100 integer (10100 of which binary)) and 30000 elements
Cutoff increment increased from 1e-05 to 0.9999
Cbc0038I Initial state - 0 integers unsatisfied sum - 0
Cbc0038I Solution found of 93845
Cbc0038I Before mini branch and bound, 10100 integers at bound fixed and 0 continuous
Cbc0038I Mini branch and bound did not improve solution (0.21 seconds)
Cbc0038I After 0.21 seconds - Feasibility pump exiting with objective of 93845 - took 0.00 seconds
Cbc0012I Integer solution of 93845 found by feasibility pump after 0 iterations and 0 nodes (0.22 seconds)
Cbc0001I Search completed - best objective 93845, took 0 iterations and 0 nodes (0.22 seconds)
Cbc0035I Maximum depth 0, 0 variables fixed on reduced cost
Cuts at root node changed objective from 93845 to 93845
Probing was tried 0 times and created 0 cuts of which 0 were active after adding rounds of cuts (0.000 seconds)
Gomory was tried 0 times and created 0 cuts of which 0 were active after adding rounds of cuts (0.000 seconds)
Knapsack was tried 0 times and created 0 cuts of which 0 were active after adding rounds of cuts (0.000 seconds)
Clique was tried 0 times and created 0 cuts of which 0 were active after adding rounds of cuts (0.000 seconds)
MixedIntegerRounding2 was tried 0 times and created 0 cuts of which 0 were active after adding rounds of cuts (0.000 seconds)
FlowCover was tried 0 times and created 0 cuts of which 0 were active after adding rounds of cuts (0.000 seconds)
TwoMirCuts was tried 0 times and created 0 cuts of which 0 were active after adding rounds of cuts (0.000 seconds)
ZeroHalf was tried 0 times and created 0 cuts of which 0 were active after adding rounds of cuts (0.000 seconds)

Result - Optimal solution found

Objective value:                93845.00000000
Enumerated nodes:               0
Total iterations:               0
Time (CPU seconds):             0.21
Time (Wallclock seconds):       0.23

Option for printingOptions changed from normal to all
Total time (CPU seconds):       0.22   (Wallclock seconds):       0.24

Setting parameter infeasibility_detection to true
Setting parameter log_to_console to true
Setting parameter time_limit to 3.000000e+02
cuOpt version: 25.10.1, git hash: 876fcfc, host arch: x86_64, device archs: 70-real,75-real,80-real,86-real,90a-real,100f-real,120a-real,120
CPU: Intel(R) Core(TM) i7-14700K, threads (physical/logical): 20/28, RAM: 11.61 GiB
CUDA 12.9, device: NVIDIA GeForce RTX 5070 Ti (ID 0), VRAM: 15.46 GiB
CUDA device UUID: 4bffffffbf6effffff8f-3a60-0c50-136c-

Solving a problem with 10100 constraints, 10100 variables (10100 integers), and 30000 nonzeros
Problem scaling:
Objective coefficents range:          [3e+01, 9e+03]
Constraint matrix coefficients range: [1e+00, 1e+00]
Constraint rhs / bounds range:        [0e+00, 1e+00]
Variable bounds range:                [0e+00, 1e+00]

Original problem: 10100 constraints, 10100 variables, 30000 nonzeros
Calling Papilo presolver
Presolve status: did not result in any changes
Presolve removed: 0 constraints, 0 variables, 0 nonzeros
Presolved problem: 10100 constraints, 10100 variables, 30000 nonzeros
Papilo presolve time: 0.013627
Objective offset 0.000000 scaling_factor 1.000000
Running presolve!
After trivial presolve: 10100 constraints, 10100 variables, objective offset 0.000000.
Using 7 CPU threads for B&B
Solving LP root relaxation
Scaling matrix. Maximum column norm 7.071068e+00
Dual Simplex Phase 1
Dual feasible solution found.
Dual Simplex Phase 2
 Iter     Objective           Num Inf.  Sum Inf.     Perturb  Time
    1 +0.0000000000000000e+00     100 1.49000000e+00 0.00e+00 0.01

Root relaxation solution found in 679 iterations and 0.01s
Root relaxation objective +1.00651000e+05

Optimal solution found at root node. Objective 1.0065100000000000e+05. Time 0.01.
Post-solve status: succeeded
Solution objective: 100651.000000 , relative_mip_gap 0.000000 solution_bound 100651.000000 presolve_time 0.013984 total_solve_time 1.586562 max constraint violation 0.000000 max int violation 0.000000 max var bounds violation 0.000000 nodes 0 simplex_iterations 679
Welcome to the CBC MILP Solver 
Version: 2.10.3 
Build Date: Dec 15 2019 

command line - /home/carlosizq/Investigacion_Carlos_Izquierdo/.venv/lib/python3.12/site-packages/pulp/apis/../solverdir/cbc/linux/i64/cbc /tmp/4f9c046ce37a408aacb47192eac0caf7-pulp.mps -sec 300 -timeMode elapsed -branch -printingOptions all -solution /tmp/4f9c046ce37a408aacb47192eac0caf7-pulp.sol (default strategy 1)
At line 2 NAME          MODEL
At line 3 ROWS
At line 10105 COLUMNS
At line 70306 RHS
At line 80407 BOUNDS
At line 90508 ENDATA
Problem MODEL has 10100 rows, 10100 columns and 30000 elements
Coin0008I MODEL read with 0 errors
seconds was changed from 1e+100 to 300
Option for timeMode changed from cpu to elapsed
Continuous objective value is 100651 - 0.12 seconds
Cgl0004I processed model has 10100 rows, 10100 columns (10100 integer (10100 of which binary)) and 30000 elements
Cutoff increment increased from 1e-05 to 0.9999
Cbc0038I Initial state - 0 integers unsatisfied sum - 0
Cbc0038I Solution found of 100651
Cbc0038I Before mini branch and bound, 10100 integers at bound fixed and 0 continuous
Cbc0038I Mini branch and bound did not improve solution (0.22 seconds)
Cbc0038I After 0.22 seconds - Feasibility pump exiting with objective of 100651 - took 0.01 seconds
Cbc0012I Integer solution of 100651 found by feasibility pump after 0 iterations and 0 nodes (0.22 seconds)
Cbc0001I Search completed - best objective 100651, took 0 iterations and 0 nodes (0.22 seconds)
Cbc0035I Maximum depth 0, 0 variables fixed on reduced cost
Cuts at root node changed objective from 100651 to 100651
Probing was tried 0 times and created 0 cuts of which 0 were active after adding rounds of cuts (0.000 seconds)
Gomory was tried 0 times and created 0 cuts of which 0 were active after adding rounds of cuts (0.000 seconds)
Knapsack was tried 0 times and created 0 cuts of which 0 were active after adding rounds of cuts (0.000 seconds)
Clique was tried 0 times and created 0 cuts of which 0 were active after adding rounds of cuts (0.000 seconds)
MixedIntegerRounding2 was tried 0 times and created 0 cuts of which 0 were active after adding rounds of cuts (0.000 seconds)
FlowCover was tried 0 times and created 0 cuts of which 0 were active after adding rounds of cuts (0.000 seconds)
TwoMirCuts was tried 0 times and created 0 cuts of which 0 were active after adding rounds of cuts (0.000 seconds)
ZeroHalf was tried 0 times and created 0 cuts of which 0 were active after adding rounds of cuts (0.000 seconds)

Result - Optimal solution found

Objective value:                100651.00000000
Enumerated nodes:               0
Total iterations:               0
Time (CPU seconds):             0.21
Time (Wallclock seconds):       0.23

Option for printingOptions changed from normal to all
Total time (CPU seconds):       0.23   (Wallclock seconds):       0.25

Setting parameter infeasibility_detection to true
Setting parameter log_to_console to true
Setting parameter time_limit to 3.000000e+02
cuOpt version: 25.10.1, git hash: 876fcfc, host arch: x86_64, device archs: 70-real,75-real,80-real,86-real,90a-real,100f-real,120a-real,120
CPU: Intel(R) Core(TM) i7-14700K, threads (physical/logical): 20/28, RAM: 11.76 GiB
CUDA 12.9, device: NVIDIA GeForce RTX 5070 Ti (ID 0), VRAM: 15.46 GiB
CUDA device UUID: 4bffffffbf6effffff8f-3a60-0c50-136c-

Solving a problem with 10100 constraints, 10100 variables (10100 integers), and 30000 nonzeros
Problem scaling:
Objective coefficents range:          [4e+01, 9e+03]
Constraint matrix coefficients range: [1e+00, 1e+00]
Constraint rhs / bounds range:        [0e+00, 1e+00]
Variable bounds range:                [0e+00, 1e+00]

Original problem: 10100 constraints, 10100 variables, 30000 nonzeros
Calling Papilo presolver
Presolve status: did not result in any changes
Presolve removed: 0 constraints, 0 variables, 0 nonzeros
Presolved problem: 10100 constraints, 10100 variables, 30000 nonzeros
Papilo presolve time: 0.013338
Objective offset 0.000000 scaling_factor 1.000000
Running presolve!
After trivial presolve: 10100 constraints, 10100 variables, objective offset 0.000000.
Using 7 CPU threads for B&B
Solving LP root relaxation
Scaling matrix. Maximum column norm 7.071068e+00
Dual Simplex Phase 1
Dual feasible solution found.
Dual Simplex Phase 2
 Iter     Objective           Num Inf.  Sum Inf.     Perturb  Time
    1 +0.0000000000000000e+00     100 1.49000000e+00 0.00e+00 0.01

Root relaxation solution found in 682 iterations and 0.01s
Root relaxation objective +9.86990000e+04

Optimal solution found at root node. Objective 9.8699000000000000e+04. Time 0.01.
Post-solve status: succeeded
Solution objective: 98699.000000 , relative_mip_gap 0.000000 solution_bound 98699.000000 presolve_time 0.013695 total_solve_time 1.578079 max constraint violation 0.000000 max int violation 0.000000 max var bounds violation 0.000000 nodes 0 simplex_iterations 682
Welcome to the CBC MILP Solver 
Version: 2.10.3 
Build Date: Dec 15 2019 

command line - /home/carlosizq/Investigacion_Carlos_Izquierdo/.venv/lib/python3.12/site-packages/pulp/apis/../solverdir/cbc/linux/i64/cbc /tmp/126afd226e194c5e835ea7df80e5f588-pulp.mps -sec 300 -timeMode elapsed -branch -printingOptions all -solution /tmp/126afd226e194c5e835ea7df80e5f588-pulp.sol (default strategy 1)
At line 2 NAME          MODEL
At line 3 ROWS
At line 10105 COLUMNS
At line 70306 RHS
At line 80407 BOUNDS
At line 90508 ENDATA
Problem MODEL has 10100 rows, 10100 columns and 30000 elements
Coin0008I MODEL read with 0 errors
seconds was changed from 1e+100 to 300
Option for timeMode changed from cpu to elapsed
Continuous objective value is 98699 - 0.13 seconds
Cgl0004I processed model has 10100 rows, 10100 columns (10100 integer (10100 of which binary)) and 30000 elements
Cutoff increment increased from 1e-05 to 0.9999
Cbc0038I Initial state - 0 integers unsatisfied sum - 0
Cbc0038I Solution found of 98699
Cbc0038I Before mini branch and bound, 10100 integers at bound fixed and 0 continuous
Cbc0038I Mini branch and bound did not improve solution (0.23 seconds)
Cbc0038I After 0.23 seconds - Feasibility pump exiting with objective of 98699 - took 0.00 seconds
Cbc0012I Integer solution of 98699 found by feasibility pump after 0 iterations and 0 nodes (0.23 seconds)
Cbc0001I Search completed - best objective 98699, took 0 iterations and 0 nodes (0.23 seconds)
Cbc0035I Maximum depth 0, 0 variables fixed on reduced cost
Cuts at root node changed objective from 98699 to 98699
Probing was tried 0 times and created 0 cuts of which 0 were active after adding rounds of cuts (0.000 seconds)
Gomory was tried 0 times and created 0 cuts of which 0 were active after adding rounds of cuts (0.000 seconds)
Knapsack was tried 0 times and created 0 cuts of which 0 were active after adding rounds of cuts (0.000 seconds)
Clique was tried 0 times and created 0 cuts of which 0 were active after adding rounds of cuts (0.000 seconds)
MixedIntegerRounding2 was tried 0 times and created 0 cuts of which 0 were active after adding rounds of cuts (0.000 seconds)
FlowCover was tried 0 times and created 0 cuts of which 0 were active after adding rounds of cuts (0.000 seconds)
TwoMirCuts was tried 0 times and created 0 cuts of which 0 were active after adding rounds of cuts (0.000 seconds)
ZeroHalf was tried 0 times and created 0 cuts of which 0 were active after adding rounds of cuts (0.000 seconds)

Result - Optimal solution found

Objective value:                98699.00000000
Enumerated nodes:               0
Total iterations:               0
Time (CPU seconds):             0.22
Time (Wallclock seconds):       0.24

Option for printingOptions changed from normal to all
Total time (CPU seconds):       0.23   (Wallclock seconds):       0.26

Setting parameter infeasibility_detection to true
Setting parameter log_to_console to true
Setting parameter time_limit to 3.000000e+02
cuOpt version: 25.10.1, git hash: 876fcfc, host arch: x86_64, device archs: 70-real,75-real,80-real,86-real,90a-real,100f-real,120a-real,120
CPU: Intel(R) Core(TM) i7-14700K, threads (physical/logical): 20/28, RAM: 11.76 GiB
CUDA 12.9, device: NVIDIA GeForce RTX 5070 Ti (ID 0), VRAM: 15.46 GiB
CUDA device UUID: 4bffffffbf6effffff8f-3a60-0c50-136c-

Solving a problem with 10100 constraints, 10100 variables (10100 integers), and 30000 nonzeros
Problem scaling:
Objective coefficents range:          [6e+01, 9e+03]
Constraint matrix coefficients range: [1e+00, 1e+00]
Constraint rhs / bounds range:        [0e+00, 1e+00]
Variable bounds range:                [0e+00, 1e+00]

Original problem: 10100 constraints, 10100 variables, 30000 nonzeros
Calling Papilo presolver
Presolve status: did not result in any changes
Presolve removed: 0 constraints, 0 variables, 0 nonzeros
Presolved problem: 10100 constraints, 10100 variables, 30000 nonzeros
Papilo presolve time: 0.014900
Objective offset 0.000000 scaling_factor 1.000000
Running presolve!
After trivial presolve: 10100 constraints, 10100 variables, objective offset 0.000000.
Using 7 CPU threads for B&B
Solving LP root relaxation
Scaling matrix. Maximum column norm 7.071068e+00
Dual Simplex Phase 1
Dual feasible solution found.
Dual Simplex Phase 2
 Iter     Objective           Num Inf.  Sum Inf.     Perturb  Time
    1 +0.0000000000000000e+00     100 1.49000000e+00 0.00e+00 0.01
Removed perturbation of 1.70e-06.

Root relaxation solution found in 771 iterations and 0.03s
Root relaxation objective +9.88460000e+04

Optimal solution found at root node. Objective 9.8846000000000000e+04. Time 0.03.
Post-solve status: succeeded
Solution objective: 98846.000000 , relative_mip_gap 0.000000 solution_bound 98846.000000 presolve_time 0.015257 total_solve_time 1.582875 max constraint violation 0.000000 max int violation 0.000000 max var bounds violation 0.000000 nodes 0 simplex_iterations 771
Welcome to the CBC MILP Solver 
Version: 2.10.3 
Build Date: Dec 15 2019 

command line - /home/carlosizq/Investigacion_Carlos_Izquierdo/.venv/lib/python3.12/site-packages/pulp/apis/../solverdir/cbc/linux/i64/cbc /tmp/3d8decf26fad4d339c757b8eb3058d94-pulp.mps -sec 300 -timeMode elapsed -branch -printingOptions all -solution /tmp/3d8decf26fad4d339c757b8eb3058d94-pulp.sol (default strategy 1)
At line 2 NAME          MODEL
At line 3 ROWS
At line 10105 COLUMNS
At line 70306 RHS
At line 80407 BOUNDS
At line 90508 ENDATA
Problem MODEL has 10100 rows, 10100 columns and 30000 elements
Coin0008I MODEL read with 0 errors
seconds was changed from 1e+100 to 300
Option for timeMode changed from cpu to elapsed
Continuous objective value is 98846 - 0.13 seconds
Cgl0004I processed model has 10100 rows, 10100 columns (10100 integer (10100 of which binary)) and 30000 elements
Cutoff increment increased from 1e-05 to 0.9999
Cbc0038I Initial state - 0 integers unsatisfied sum - 0
Cbc0038I Solution found of 98846
Cbc0038I Before mini branch and bound, 10100 integers at bound fixed and 0 continuous
Cbc0038I Mini branch and bound did not improve solution (0.22 seconds)
Cbc0038I After 0.22 seconds - Feasibility pump exiting with objective of 98846 - took 0.01 seconds
Cbc0012I Integer solution of 98846 found by feasibility pump after 0 iterations and 0 nodes (0.22 seconds)
Cbc0001I Search completed - best objective 98846, took 0 iterations and 0 nodes (0.23 seconds)
Cbc0035I Maximum depth 0, 0 variables fixed on reduced cost
Cuts at root node changed objective from 98846 to 98846
Probing was tried 0 times and created 0 cuts of which 0 were active after adding rounds of cuts (0.000 seconds)
Gomory was tried 0 times and created 0 cuts of which 0 were active after adding rounds of cuts (0.000 seconds)
Knapsack was tried 0 times and created 0 cuts of which 0 were active after adding rounds of cuts (0.000 seconds)
Clique was tried 0 times and created 0 cuts of which 0 were active after adding rounds of cuts (0.000 seconds)
MixedIntegerRounding2 was tried 0 times and created 0 cuts of which 0 were active after adding rounds of cuts (0.000 seconds)
FlowCover was tried 0 times and created 0 cuts of which 0 were active after adding rounds of cuts (0.000 seconds)
TwoMirCuts was tried 0 times and created 0 cuts of which 0 were active after adding rounds of cuts (0.000 seconds)
ZeroHalf was tried 0 times and created 0 cuts of which 0 were active after adding rounds of cuts (0.000 seconds)

Result - Optimal solution found

Objective value:                98846.00000000
Enumerated nodes:               0
Total iterations:               0
Time (CPU seconds):             0.22
Time (Wallclock seconds):       0.24

Option for printingOptions changed from normal to all
Total time (CPU seconds):       0.24   (Wallclock seconds):       0.25

Setting parameter infeasibility_detection to true
Setting parameter log_to_console to true
Setting parameter time_limit to 3.000000e+02
cuOpt version: 25.10.1, git hash: 876fcfc, host arch: x86_64, device archs: 70-real,75-real,80-real,86-real,90a-real,100f-real,120a-real,120
CPU: Intel(R) Core(TM) i7-14700K, threads (physical/logical): 20/28, RAM: 11.71 GiB
CUDA 12.9, device: NVIDIA GeForce RTX 5070 Ti (ID 0), VRAM: 15.46 GiB
CUDA device UUID: 4bffffffbf6effffff8f-3a60-0c50-136c-

Solving a problem with 10100 constraints, 10100 variables (10100 integers), and 30000 nonzeros
Problem scaling:
Objective coefficents range:          [7e+01, 9e+03]
Constraint matrix coefficients range: [1e+00, 1e+00]
Constraint rhs / bounds range:        [0e+00, 1e+00]
Variable bounds range:                [0e+00, 1e+00]

Original problem: 10100 constraints, 10100 variables, 30000 nonzeros
Calling Papilo presolver
Presolve status: did not result in any changes
Presolve removed: 0 constraints, 0 variables, 0 nonzeros
Presolved problem: 10100 constraints, 10100 variables, 30000 nonzeros
Papilo presolve time: 0.012704
Objective offset 0.000000 scaling_factor 1.000000
Running presolve!
After trivial presolve: 10100 constraints, 10100 variables, objective offset 0.000000.
Using 7 CPU threads for B&B
Solving LP root relaxation
Scaling matrix. Maximum column norm 7.071068e+00
Dual Simplex Phase 1
Dual feasible solution found.
Dual Simplex Phase 2
 Iter     Objective           Num Inf.  Sum Inf.     Perturb  Time
    1 +0.0000000000000000e+00     100 1.49000000e+00 0.00e+00 0.01

Root relaxation solution found in 687 iterations and 0.01s
Root relaxation objective +9.62120000e+04

Optimal solution found at root node. Objective 9.6212000000000000e+04. Time 0.01.
Post-solve status: succeeded
Solution objective: 96212.000000 , relative_mip_gap 0.000000 solution_bound 96212.000000 presolve_time 0.013063 total_solve_time 1.593891 max constraint violation 0.000000 max int violation 0.000000 max var bounds violation 0.000000 nodes 0 simplex_iterations 687
Welcome to the CBC MILP Solver 
Version: 2.10.3 
Build Date: Dec 15 2019 

command line - /home/carlosizq/Investigacion_Carlos_Izquierdo/.venv/lib/python3.12/site-packages/pulp/apis/../solverdir/cbc/linux/i64/cbc /tmp/509e42fc3e0442a3954125347f1c5d02-pulp.mps -sec 300 -timeMode elapsed -branch -printingOptions all -solution /tmp/509e42fc3e0442a3954125347f1c5d02-pulp.sol (default strategy 1)
At line 2 NAME          MODEL
At line 3 ROWS
At line 10105 COLUMNS
At line 70306 RHS
At line 80407 BOUNDS
At line 90508 ENDATA
Problem MODEL has 10100 rows, 10100 columns and 30000 elements
Coin0008I MODEL read with 0 errors
seconds was changed from 1e+100 to 300
Option for timeMode changed from cpu to elapsed
Continuous objective value is 96212 - 0.12 seconds
Cgl0004I processed model has 10100 rows, 10100 columns (10100 integer (10100 of which binary)) and 30000 elements
Cutoff increment increased from 1e-05 to 0.9999
Cbc0038I Initial state - 0 integers unsatisfied sum - 0
Cbc0038I Solution found of 96212
Cbc0038I Before mini branch and bound, 10100 integers at bound fixed and 0 continuous
Cbc0038I Mini branch and bound did not improve solution (0.22 seconds)
Cbc0038I After 0.22 seconds - Feasibility pump exiting with objective of 96212 - took 0.01 seconds
Cbc0012I Integer solution of 96212 found by feasibility pump after 0 iterations and 0 nodes (0.22 seconds)
Cbc0001I Search completed - best objective 96212, took 0 iterations and 0 nodes (0.22 seconds)
Cbc0035I Maximum depth 0, 0 variables fixed on reduced cost
Cuts at root node changed objective from 96212 to 96212
Probing was tried 0 times and created 0 cuts of which 0 were active after adding rounds of cuts (0.000 seconds)
Gomory was tried 0 times and created 0 cuts of which 0 were active after adding rounds of cuts (0.000 seconds)
Knapsack was tried 0 times and created 0 cuts of which 0 were active after adding rounds of cuts (0.000 seconds)
Clique was tried 0 times and created 0 cuts of which 0 were active after adding rounds of cuts (0.000 seconds)
MixedIntegerRounding2 was tried 0 times and created 0 cuts of which 0 were active after adding rounds of cuts (0.000 seconds)
FlowCover was tried 0 times and created 0 cuts of which 0 were active after adding rounds of cuts (0.000 seconds)
TwoMirCuts was tried 0 times and created 0 cuts of which 0 were active after adding rounds of cuts (0.000 seconds)
ZeroHalf was tried 0 times and created 0 cuts of which 0 were active after adding rounds of cuts (0.000 seconds)

Result - Optimal solution found

Objective value:                96212.00000000
Enumerated nodes:               0
Total iterations:               0
Time (CPU seconds):             0.21
Time (Wallclock seconds):       0.23

Option for printingOptions changed from normal to all
Total time (CPU seconds):       0.23   (Wallclock seconds):       0.25

Setting parameter infeasibility_detection to true
Setting parameter log_to_console to true
Setting parameter time_limit to 3.000000e+02
cuOpt version: 25.10.1, git hash: 876fcfc, host arch: x86_64, device archs: 70-real,75-real,80-real,86-real,90a-real,100f-real,120a-real,120
CPU: Intel(R) Core(TM) i7-14700K, threads (physical/logical): 20/28, RAM: 11.56 GiB
CUDA 12.9, device: NVIDIA GeForce RTX 5070 Ti (ID 0), VRAM: 15.46 GiB
CUDA device UUID: 4bffffffbf6effffff8f-3a60-0c50-136c-

Solving a problem with 10100 constraints, 10100 variables (10100 integers), and 30000 nonzeros
Problem scaling:
Objective coefficents range:          [2e+01, 8e+03]
Constraint matrix coefficients range: [1e+00, 1e+00]
Constraint rhs / bounds range:        [0e+00, 1e+00]
Variable bounds range:                [0e+00, 1e+00]

Original problem: 10100 constraints, 10100 variables, 30000 nonzeros
Calling Papilo presolver
Presolve status: did not result in any changes
Presolve removed: 0 constraints, 0 variables, 0 nonzeros
Presolved problem: 10100 constraints, 10100 variables, 30000 nonzeros
Papilo presolve time: 0.013006
Objective offset 0.000000 scaling_factor 1.000000
Running presolve!
After trivial presolve: 10100 constraints, 10100 variables, objective offset 0.000000.
Using 7 CPU threads for B&B
Solving LP root relaxation
Scaling matrix. Maximum column norm 7.071068e+00
Dual Simplex Phase 1
Dual feasible solution found.
Dual Simplex Phase 2
 Iter     Objective           Num Inf.  Sum Inf.     Perturb  Time
    1 +0.0000000000000000e+00     100 1.49000000e+00 0.00e+00 0.01

Root relaxation solution found in 690 iterations and 0.02s
Root relaxation objective +1.02134667e+05

Strong branching using 7 threads and 109 fractional variables
Exploring the B&B tree using 1 best-first threads and 6 diving threads (7 threads)
 | Explored | Unexplored |    Objective    |     Bound     | Depth | Iter/Node |   Gap    |  Time  |
B         2            0    +1.021570e+05    +1.021347e+05        1   3.5e+02      0.0%      0.09
Explored 2 nodes in 0.09s.
Absolute Gap 0.000000e+00 Objective 1.0215700000000000e+05 Lower Bound 1.0215700000000000e+05
Optimal solution found.
Post-solve status: succeeded
Solution objective: 102157.000000 , relative_mip_gap 0.000000 solution_bound 102157.000000 presolve_time 0.013364 total_solve_time 1.593740 max constraint violation 0.000000 max int violation 0.000000 max var bounds violation 0.000000 nodes 2 simplex_iterations 707
Welcome to the CBC MILP Solver 
Version: 2.10.3 
Build Date: Dec 15 2019 

command line - /home/carlosizq/Investigacion_Carlos_Izquierdo/.venv/lib/python3.12/site-packages/pulp/apis/../solverdir/cbc/linux/i64/cbc /tmp/ed787c2b04a94b6692a6f8298a68ad9f-pulp.mps -sec 300 -timeMode elapsed -branch -printingOptions all -solution /tmp/ed787c2b04a94b6692a6f8298a68ad9f-pulp.sol (default strategy 1)
At line 2 NAME          MODEL
At line 3 ROWS
At line 10105 COLUMNS
At line 70306 RHS
At line 80407 BOUNDS
At line 90508 ENDATA
Problem MODEL has 10100 rows, 10100 columns and 30000 elements
Coin0008I MODEL read with 0 errors
seconds was changed from 1e+100 to 300
Option for timeMode changed from cpu to elapsed
Continuous objective value is 102135 - 0.13 seconds
Cgl0004I processed model has 10100 rows, 10100 columns (10100 integer (10100 of which binary)) and 30000 elements
Cutoff increment increased from 1e-05 to 0.9999
Cbc0038I Initial state - 109 integers unsatisfied sum - 36.3333
Cbc0038I Pass   1: (0.24 seconds) suminf.    0.00000 (0) obj. 165741 iterations 1050
Cbc0038I Solution found of 165741
Cbc0038I Before mini branch and bound, 9970 integers at bound fixed and 0 continuous
Cbc0038I Full problem 10100 rows 10100 columns, reduced to 117 rows 114 columns
Cbc0038I Mini branch and bound improved solution from 165741 to 102257 (0.25 seconds)
Cbc0038I Round again with cutoff of 102244
Cbc0038I Reduced cost fixing fixed 9256 variables on major pass 2
Cbc0038I Pass   2: (0.27 seconds) suminf.    0.91652 (12) obj. 102244 iterations 963
Cbc0038I Solution found of 102236
Cbc0038I Before mini branch and bound, 9985 integers at bound fixed and 0 continuous
Cbc0038I Full problem 10100 rows 10100 columns, reduced to 121 rows 99 columns
Cbc0038I Mini branch and bound did not improve solution (0.28 seconds)
Cbc0038I Round again with cutoff of 102215
Cbc0038I Reduced cost fixing fixed 9293 variables on major pass 3
Cbc0038I Pass   3: (0.29 seconds) suminf.   10.11751 (115) obj. 102215 iterations 153
Cbc0038I Pass   4: (0.29 seconds) suminf.   10.11751 (115) obj. 102215 iterations 24
Cbc0038I Pass   5: (0.30 seconds) suminf.   10.11751 (115) obj. 102215 iterations 15
Cbc0038I Pass   6: (0.30 seconds) suminf.   10.11751 (115) obj. 102215 iterations 8
Cbc0038I Pass   7: (0.31 seconds) suminf.   10.11751 (115) obj. 102215 iterations 1
Cbc0038I Pass   8: (0.31 seconds) suminf.   10.11751 (115) obj. 102215 iterations 2
Cbc0038I Pass   9: (0.31 seconds) suminf.   10.11751 (115) obj. 102215 iterations 7
Cbc0038I Pass  10: (0.32 seconds) suminf.   10.11751 (115) obj. 102215 iterations 7
Cbc0038I Pass  11: (0.32 seconds) suminf.   10.11751 (115) obj. 102215 iterations 5
Cbc0038I Pass  12: (0.33 seconds) suminf.   11.79199 (81) obj. 102215 iterations 4
Cbc0038I Pass  13: (0.33 seconds) suminf.   10.11751 (115) obj. 102215 iterations 7
Cbc0038I Pass  14: (0.34 seconds) suminf.   10.11751 (115) obj. 102215 iterations 7
Cbc0038I Pass  15: (0.34 seconds) suminf.   10.11751 (115) obj. 102215 iterations 8
Cbc0038I Pass  16: (0.34 seconds) suminf.   10.11751 (115) obj. 102215 iterations 7
Cbc0038I Pass  17: (0.35 seconds) suminf.   10.11751 (115) obj. 102215 iterations 3
Cbc0038I Pass  18: (0.35 seconds) suminf.   10.11751 (115) obj. 102215 iterations 1
Cbc0038I Pass  19: (0.36 seconds) suminf.   10.11751 (115) obj. 102215 iterations 3
Cbc0038I Pass  20: (0.36 seconds) suminf.   10.11751 (115) obj. 102215 iterations 3
Cbc0038I Pass  21: (0.37 seconds) suminf.   10.11751 (115) obj. 102215 iterations 9
Cbc0038I Pass  22: (0.37 seconds) suminf.   10.11751 (115) obj. 102215 iterations 3
Cbc0038I Pass  23: (0.37 seconds) suminf.   10.11751 (115) obj. 102215 iterations 3
Cbc0038I Pass  24: (0.38 seconds) suminf.   10.11751 (115) obj. 102215 iterations 4
Cbc0038I Pass  25: (0.38 seconds) suminf.   10.11751 (115) obj. 102215 iterations 3
Cbc0038I Pass  26: (0.39 seconds) suminf.   13.06662 (49) obj. 102215 iterations 6
Cbc0038I Pass  27: (0.39 seconds) suminf.   13.06662 (49) obj. 102215 iterations 7
Cbc0038I Pass  28: (0.39 seconds) suminf.   13.06662 (49) obj. 102215 iterations 20
Cbc0038I Pass  29: (0.40 seconds) suminf.   13.06662 (49) obj. 102215 iterations 10
Cbc0038I Pass  30: (0.40 seconds) suminf.   13.06662 (49) obj. 102215 iterations 9
Cbc0038I Pass  31: (0.41 seconds) suminf.   13.06662 (49) obj. 102215 iterations 16
Cbc0038I Pass  32: (0.41 seconds) suminf.   13.06662 (49) obj. 102215 iterations 25
Cbc0038I No solution found this major pass
Cbc0038I Before mini branch and bound, 9983 integers at bound fixed and 0 continuous
Cbc0038I Full problem 10100 rows 10100 columns, reduced to 122 rows 100 columns
Cbc0038I Mini branch and bound improved solution from 102236 to 102157 (0.42 seconds)
Cbc0038I Round again with cutoff of 102150
Cbc0038I Reduced cost fixing fixed 9376 variables on major pass 4
Cbc0038I Pass  32: (0.43 seconds) suminf.   34.66315 (115) obj. 102150 iterations 0
Cbc0038I Pass  33: (0.43 seconds) suminf.   34.66315 (115) obj. 102150 iterations 14
Cbc0038I Pass  34: (0.43 seconds) suminf.   36.44733 (110) obj. 102150 iterations 11
Cbc0038I Pass  35: (0.44 seconds) suminf.   36.44733 (110) obj. 102150 iterations 11
Cbc0038I Pass  36: (0.44 seconds) suminf.   36.44733 (110) obj. 102150 iterations 0
Cbc0038I Pass  37: (0.44 seconds) suminf.   36.44733 (110) obj. 102150 iterations 1
Cbc0038I Pass  38: (0.45 seconds) suminf.   36.44733 (110) obj. 102150 iterations 2
Cbc0038I Pass  39: (0.45 seconds) suminf.   36.44733 (110) obj. 102150 iterations 2
Cbc0038I Pass  40: (0.46 seconds) suminf.   36.44733 (110) obj. 102150 iterations 1
Cbc0038I Pass  41: (0.46 seconds) suminf.   36.44733 (110) obj. 102150 iterations 0
Cbc0038I Pass  42: (0.46 seconds) suminf.   36.44733 (110) obj. 102150 iterations 1
Cbc0038I Pass  43: (0.47 seconds) suminf.   36.44733 (110) obj. 102150 iterations 1
Cbc0038I Pass  44: (0.47 seconds) suminf.   36.44733 (110) obj. 102150 iterations 2
Cbc0038I Pass  45: (0.47 seconds) suminf.   36.44733 (110) obj. 102150 iterations 1
Cbc0038I Pass  46: (0.48 seconds) suminf.   36.44733 (110) obj. 102150 iterations 1
Cbc0038I Pass  47: (0.48 seconds) suminf.   36.44733 (110) obj. 102150 iterations 2
Cbc0038I Pass  48: (0.49 seconds) suminf.   36.44733 (110) obj. 102150 iterations 1
Cbc0038I Pass  49: (0.49 seconds) suminf.   36.44733 (110) obj. 102150 iterations 1
Cbc0038I Pass  50: (0.50 seconds) suminf.   36.44733 (110) obj. 102150 iterations 1
Cbc0038I Pass  51: (0.50 seconds) suminf.   36.44733 (110) obj. 102150 iterations 0
Cbc0038I Pass  52: (0.50 seconds) suminf.   36.44733 (110) obj. 102150 iterations 2
Cbc0038I Pass  53: (0.50 seconds) suminf.   36.44733 (110) obj. 102150 iterations 0
Cbc0038I Pass  54: (0.50 seconds) suminf.   36.44733 (110) obj. 102150 iterations 0
Cbc0038I Pass  55: (0.51 seconds) suminf.   36.44733 (110) obj. 102150 iterations 1
Cbc0038I Pass  56: (0.51 seconds) suminf.   36.44733 (110) obj. 102150 iterations 1
Cbc0038I Pass  57: (0.51 seconds) suminf.   36.44733 (110) obj. 102150 iterations 0
Cbc0038I Pass  58: (0.52 seconds) suminf.   36.44733 (110) obj. 102150 iterations 1
Cbc0038I Pass  59: (0.52 seconds) suminf.   36.44733 (110) obj. 102150 iterations 0
Cbc0038I Pass  60: (0.52 seconds) suminf.   36.44733 (110) obj. 102150 iterations 0
Cbc0038I Pass  61: (0.52 seconds) suminf.   36.44733 (110) obj. 102150 iterations 1
Cbc0038I No solution found this major pass
Cbc0038I Before mini branch and bound, 9984 integers at bound fixed and 0 continuous
Cbc0038I Full problem 10100 rows 10100 columns, reduced to 121 rows 99 columns
Cbc0038I Mini branch and bound did not improve solution (0.53 seconds)
Cbc0038I After 0.53 seconds - Feasibility pump exiting with objective of 102157 - took 0.31 seconds
Cbc0012I Integer solution of 102157 found by feasibility pump after 0 iterations and 0 nodes (0.53 seconds)
Cbc0038I Full problem 10100 rows 10100 columns, reduced to 116 rows 93 columns
Cbc0013I At root node, 0 cuts changed objective from 102134.67 to 102134.67 in 1 passes
Cbc0014I Cut generator 0 (Probing) - 0 row cuts average 0.0 elements, 0 column cuts (0 active)  in 0.002 seconds - new frequency is -100
Cbc0014I Cut generator 1 (Gomory) - 0 row cuts average 0.0 elements, 0 column cuts (0 active)  in 0.002 seconds - new frequency is -100
Cbc0014I Cut generator 2 (Knapsack) - 0 row cuts average 0.0 elements, 0 column cuts (0 active)  in 0.001 seconds - new frequency is -100
Cbc0014I Cut generator 3 (Clique) - 0 row cuts average 0.0 elements, 0 column cuts (0 active)  in 0.000 seconds - new frequency is -100
Cbc0014I Cut generator 4 (MixedIntegerRounding2) - 0 row cuts average 0.0 elements, 0 column cuts (0 active)  in 0.001 seconds - new frequency is -100
Cbc0014I Cut generator 5 (FlowCover) - 0 row cuts average 0.0 elements, 0 column cuts (0 active)  in 0.000 seconds - new frequency is -100
Cbc0001I Search completed - best objective 102157, took 0 iterations and 0 nodes (0.58 seconds)
Cbc0032I Strong branching done 2 times (23 iterations), fathomed 1 nodes and fixed 0 variables
Cbc0035I Maximum depth 0, 9364 variables fixed on reduced cost
Cuts at root node changed objective from 102135 to 102156
Probing was tried 1 times and created 0 cuts of which 0 were active after adding rounds of cuts (0.002 seconds)
Gomory was tried 1 times and created 0 cuts of which 0 were active after adding rounds of cuts (0.002 seconds)
Knapsack was tried 1 times and created 0 cuts of which 0 were active after adding rounds of cuts (0.001 seconds)
Clique was tried 1 times and created 0 cuts of which 0 were active after adding rounds of cuts (0.000 seconds)
MixedIntegerRounding2 was tried 1 times and created 0 cuts of which 0 were active after adding rounds of cuts (0.001 seconds)
FlowCover was tried 1 times and created 0 cuts of which 0 were active after adding rounds of cuts (0.000 seconds)
TwoMirCuts was tried 1 times and created 0 cuts of which 0 were active after adding rounds of cuts (0.006 seconds)
ZeroHalf was tried 1 times and created 0 cuts of which 0 were active after adding rounds of cuts (0.025 seconds)

Result - Optimal solution found

Objective value:                102157.00000000
Enumerated nodes:               0
Total iterations:               0
Time (CPU seconds):             0.57
Time (Wallclock seconds):       0.59

Option for printingOptions changed from normal to all
Total time (CPU seconds):       0.58   (Wallclock seconds):       0.61

Setting parameter infeasibility_detection to true
Setting parameter log_to_console to true
Setting parameter time_limit to 3.000000e+02
cuOpt version: 25.10.1, git hash: 876fcfc, host arch: x86_64, device archs: 70-real,75-real,80-real,86-real,90a-real,100f-real,120a-real,120
CPU: Intel(R) Core(TM) i7-14700K, threads (physical/logical): 20/28, RAM: 11.59 GiB
CUDA 12.9, device: NVIDIA GeForce RTX 5070 Ti (ID 0), VRAM: 15.46 GiB
CUDA device UUID: 4bffffffbf6effffff8f-3a60-0c50-136c-

Solving a problem with 10100 constraints, 10100 variables (10100 integers), and 30000 nonzeros
Problem scaling:
Objective coefficents range:          [1e+02, 9e+03]
Constraint matrix coefficients range: [1e+00, 1e+00]
Constraint rhs / bounds range:        [0e+00, 1e+00]
Variable bounds range:                [0e+00, 1e+00]

Original problem: 10100 constraints, 10100 variables, 30000 nonzeros
Calling Papilo presolver
Presolve status: did not result in any changes
Presolve removed: 0 constraints, 0 variables, 0 nonzeros
Presolved problem: 10100 constraints, 10100 variables, 30000 nonzeros
Papilo presolve time: 0.013691
Objective offset 0.000000 scaling_factor 1.000000
Running presolve!
After trivial presolve: 10100 constraints, 10100 variables, objective offset 0.000000.
Using 7 CPU threads for B&B
Solving LP root relaxation
Scaling matrix. Maximum column norm 7.071068e+00
Dual Simplex Phase 1
Dual feasible solution found.
Dual Simplex Phase 2
 Iter     Objective           Num Inf.  Sum Inf.     Perturb  Time
    1 +0.0000000000000000e+00     100 1.49000000e+00 0.00e+00 0.01

Root relaxation solution found in 682 iterations and 0.01s
Root relaxation objective +9.85270000e+04

Optimal solution found at root node. Objective 9.8527000000000015e+04. Time 0.02.
Post-solve status: succeeded
Solution objective: 98527.000000 , relative_mip_gap 0.000000 solution_bound 98527.000000 presolve_time 0.014050 total_solve_time 1.586552 max constraint violation 0.000000 max int violation 0.000000 max var bounds violation 0.000000 nodes 0 simplex_iterations 682
Welcome to the CBC MILP Solver 
Version: 2.10.3 
Build Date: Dec 15 2019 

command line - /home/carlosizq/Investigacion_Carlos_Izquierdo/.venv/lib/python3.12/site-packages/pulp/apis/../solverdir/cbc/linux/i64/cbc /tmp/4da8c45b6114428da4bebd8395d73a26-pulp.mps -sec 300 -timeMode elapsed -branch -printingOptions all -solution /tmp/4da8c45b6114428da4bebd8395d73a26-pulp.sol (default strategy 1)
At line 2 NAME          MODEL
At line 3 ROWS
At line 10105 COLUMNS
At line 70306 RHS
At line 80407 BOUNDS
At line 90508 ENDATA
Problem MODEL has 10100 rows, 10100 columns and 30000 elements
Coin0008I MODEL read with 0 errors
seconds was changed from 1e+100 to 300
Option for timeMode changed from cpu to elapsed
Continuous objective value is 98527 - 0.13 seconds
Cgl0004I processed model has 10100 rows, 10100 columns (10100 integer (10100 of which binary)) and 30000 elements
Cutoff increment increased from 1e-05 to 0.9999
Cbc0038I Initial state - 0 integers unsatisfied sum - 0
Cbc0038I Solution found of 98527
Cbc0038I Before mini branch and bound, 10100 integers at bound fixed and 0 continuous
Cbc0038I Mini branch and bound did not improve solution (0.23 seconds)
Cbc0038I After 0.23 seconds - Feasibility pump exiting with objective of 98527 - took 0.01 seconds
Cbc0012I Integer solution of 98527 found by feasibility pump after 0 iterations and 0 nodes (0.23 seconds)
Cbc0001I Search completed - best objective 98527, took 0 iterations and 0 nodes (0.23 seconds)
Cbc0035I Maximum depth 0, 0 variables fixed on reduced cost
Cuts at root node changed objective from 98527 to 98527
Probing was tried 0 times and created 0 cuts of which 0 were active after adding rounds of cuts (0.000 seconds)
Gomory was tried 0 times and created 0 cuts of which 0 were active after adding rounds of cuts (0.000 seconds)
Knapsack was tried 0 times and created 0 cuts of which 0 were active after adding rounds of cuts (0.000 seconds)
Clique was tried 0 times and created 0 cuts of which 0 were active after adding rounds of cuts (0.000 seconds)
MixedIntegerRounding2 was tried 0 times and created 0 cuts of which 0 were active after adding rounds of cuts (0.000 seconds)
FlowCover was tried 0 times and created 0 cuts of which 0 were active after adding rounds of cuts (0.000 seconds)
TwoMirCuts was tried 0 times and created 0 cuts of which 0 were active after adding rounds of cuts (0.000 seconds)
ZeroHalf was tried 0 times and created 0 cuts of which 0 were active after adding rounds of cuts (0.000 seconds)

Result - Optimal solution found

Objective value:                98527.00000000
Enumerated nodes:               0
Total iterations:               0
Time (CPU seconds):             0.22
Time (Wallclock seconds):       0.24

Option for printingOptions changed from normal to all
Total time (CPU seconds):       0.24   (Wallclock seconds):       0.26

Setting parameter infeasibility_detection to true
Setting parameter log_to_console to true
Setting parameter time_limit to 3.000000e+02
cuOpt version: 25.10.1, git hash: 876fcfc, host arch: x86_64, device archs: 70-real,75-real,80-real,86-real,90a-real,100f-real,120a-real,120
CPU: Intel(R) Core(TM) i7-14700K, threads (physical/logical): 20/28, RAM: 11.58 GiB
CUDA 12.9, device: NVIDIA GeForce RTX 5070 Ti (ID 0), VRAM: 15.46 GiB
CUDA device UUID: 4bffffffbf6effffff8f-3a60-0c50-136c-

Solving a problem with 10100 constraints, 10100 variables (10100 integers), and 30000 nonzeros
Problem scaling:
Objective coefficents range:          [3e+01, 9e+03]
Constraint matrix coefficients range: [1e+00, 1e+00]
Constraint rhs / bounds range:        [0e+00, 1e+00]
Variable bounds range:                [0e+00, 1e+00]

Original problem: 10100 constraints, 10100 variables, 30000 nonzeros
Calling Papilo presolver
Presolve status: did not result in any changes
Presolve removed: 0 constraints, 0 variables, 0 nonzeros
Presolved problem: 10100 constraints, 10100 variables, 30000 nonzeros
Papilo presolve time: 0.013361
Objective offset 0.000000 scaling_factor 1.000000
Running presolve!
After trivial presolve: 10100 constraints, 10100 variables, objective offset 0.000000.
Using 7 CPU threads for B&B
Solving LP root relaxation
Scaling matrix. Maximum column norm 7.071068e+00
Dual Simplex Phase 1
Dual feasible solution found.
Dual Simplex Phase 2
 Iter     Objective           Num Inf.  Sum Inf.     Perturb  Time
    1 +0.0000000000000000e+00     100 1.49000000e+00 0.00e+00 0.01

Root relaxation solution found in 689 iterations and 0.02s
Root relaxation objective +9.83740000e+04

Optimal solution found at root node. Objective 9.8374000000000000e+04. Time 0.02.
Post-solve status: succeeded
Solution objective: 98374.000000 , relative_mip_gap 0.000000 solution_bound 98374.000000 presolve_time 0.013719 total_solve_time 1.587477 max constraint violation 0.000000 max int violation 0.000000 max var bounds violation 0.000000 nodes 0 simplex_iterations 689
Welcome to the CBC MILP Solver 
Version: 2.10.3 
Build Date: Dec 15 2019 

command line - /home/carlosizq/Investigacion_Carlos_Izquierdo/.venv/lib/python3.12/site-packages/pulp/apis/../solverdir/cbc/linux/i64/cbc /tmp/73e25615dc5444d198c13c8455dea49e-pulp.mps -sec 300 -timeMode elapsed -branch -printingOptions all -solution /tmp/73e25615dc5444d198c13c8455dea49e-pulp.sol (default strategy 1)
At line 2 NAME          MODEL
At line 3 ROWS
At line 10105 COLUMNS
At line 70306 RHS
At line 80407 BOUNDS
At line 90508 ENDATA
Problem MODEL has 10100 rows, 10100 columns and 30000 elements
Coin0008I MODEL read with 0 errors
seconds was changed from 1e+100 to 300
Option for timeMode changed from cpu to elapsed
Continuous objective value is 98374 - 0.14 seconds
Cgl0004I processed model has 10100 rows, 10100 columns (10100 integer (10100 of which binary)) and 30000 elements
Cutoff increment increased from 1e-05 to 0.9999
Cbc0038I Initial state - 0 integers unsatisfied sum - 0
Cbc0038I Solution found of 98374
Cbc0038I Before mini branch and bound, 10100 integers at bound fixed and 0 continuous
Cbc0038I Mini branch and bound did not improve solution (0.24 seconds)
Cbc0038I After 0.24 seconds - Feasibility pump exiting with objective of 98374 - took 0.00 seconds
Cbc0012I Integer solution of 98374 found by feasibility pump after 0 iterations and 0 nodes (0.24 seconds)
Cbc0001I Search completed - best objective 98374, took 0 iterations and 0 nodes (0.24 seconds)
Cbc0035I Maximum depth 0, 0 variables fixed on reduced cost
Cuts at root node changed objective from 98374 to 98374
Probing was tried 0 times and created 0 cuts of which 0 were active after adding rounds of cuts (0.000 seconds)
Gomory was tried 0 times and created 0 cuts of which 0 were active after adding rounds of cuts (0.000 seconds)
Knapsack was tried 0 times and created 0 cuts of which 0 were active after adding rounds of cuts (0.000 seconds)
Clique was tried 0 times and created 0 cuts of which 0 were active after adding rounds of cuts (0.000 seconds)
MixedIntegerRounding2 was tried 0 times and created 0 cuts of which 0 were active after adding rounds of cuts (0.000 seconds)
FlowCover was tried 0 times and created 0 cuts of which 0 were active after adding rounds of cuts (0.000 seconds)
TwoMirCuts was tried 0 times and created 0 cuts of which 0 were active after adding rounds of cuts (0.000 seconds)
ZeroHalf was tried 0 times and created 0 cuts of which 0 were active after adding rounds of cuts (0.000 seconds)

Result - Optimal solution found

Objective value:                98374.00000000
Enumerated nodes:               0
Total iterations:               0
Time (CPU seconds):             0.24
Time (Wallclock seconds):       0.25

Option for printingOptions changed from normal to all
Total time (CPU seconds):       0.25   (Wallclock seconds):       0.27

Setting parameter infeasibility_detection to true
Setting parameter log_to_console to true
Setting parameter time_limit to 3.000000e+02
cuOpt version: 25.10.1, git hash: 876fcfc, host arch: x86_64, device archs: 70-real,75-real,80-real,86-real,90a-real,100f-real,120a-real,120
CPU: Intel(R) Core(TM) i7-14700K, threads (physical/logical): 20/28, RAM: 11.53 GiB
CUDA 12.9, device: NVIDIA GeForce RTX 5070 Ti (ID 0), VRAM: 15.46 GiB
CUDA device UUID: 4bffffffbf6effffff8f-3a60-0c50-136c-

Solving a problem with 10100 constraints, 10100 variables (10100 integers), and 30000 nonzeros
Problem scaling:
Objective coefficents range:          [1e+01, 9e+03]
Constraint matrix coefficients range: [1e+00, 1e+00]
Constraint rhs / bounds range:        [0e+00, 1e+00]
Variable bounds range:                [0e+00, 1e+00]

Original problem: 10100 constraints, 10100 variables, 30000 nonzeros
Calling Papilo presolver
Presolve status: did not result in any changes
Presolve removed: 0 constraints, 0 variables, 0 nonzeros
Presolved problem: 10100 constraints, 10100 variables, 30000 nonzeros
Papilo presolve time: 0.013436
Objective offset 0.000000 scaling_factor 1.000000
Running presolve!
After trivial presolve: 10100 constraints, 10100 variables, objective offset 0.000000.
Using 7 CPU threads for B&B
Solving LP root relaxation
Scaling matrix. Maximum column norm 7.071068e+00
Dual Simplex Phase 1
Dual feasible solution found.
Dual Simplex Phase 2
 Iter     Objective           Num Inf.  Sum Inf.     Perturb  Time
    1 +0.0000000000000000e+00     100 1.49000000e+00 0.00e+00 0.01

Root relaxation solution found in 708 iterations and 0.02s
Root relaxation objective +9.93310000e+04

Optimal solution found at root node. Objective 9.9331000000000000e+04. Time 0.02.
Post-solve status: succeeded
Solution objective: 99331.000000 , relative_mip_gap 0.000000 solution_bound 99331.000000 presolve_time 0.013799 total_solve_time 1.578863 max constraint violation 0.000000 max int violation 0.000000 max var bounds violation 0.000000 nodes 0 simplex_iterations 708
Welcome to the CBC MILP Solver 
Version: 2.10.3 
Build Date: Dec 15 2019 

command line - /home/carlosizq/Investigacion_Carlos_Izquierdo/.venv/lib/python3.12/site-packages/pulp/apis/../solverdir/cbc/linux/i64/cbc /tmp/70bd619233b8462582860abb51d732e2-pulp.mps -sec 300 -timeMode elapsed -branch -printingOptions all -solution /tmp/70bd619233b8462582860abb51d732e2-pulp.sol (default strategy 1)
At line 2 NAME          MODEL
At line 3 ROWS
At line 10105 COLUMNS
At line 70306 RHS
At line 80407 BOUNDS
At line 90508 ENDATA
Problem MODEL has 10100 rows, 10100 columns and 30000 elements
Coin0008I MODEL read with 0 errors
seconds was changed from 1e+100 to 300
Option for timeMode changed from cpu to elapsed
Continuous objective value is 99331 - 0.11 seconds
Cgl0004I processed model has 10100 rows, 10100 columns (10100 integer (10100 of which binary)) and 30000 elements
Cutoff increment increased from 1e-05 to 0.9999
Cbc0038I Initial state - 0 integers unsatisfied sum - 0
Cbc0038I Solution found of 99331
Cbc0038I Before mini branch and bound, 10100 integers at bound fixed and 0 continuous
Cbc0038I Mini branch and bound did not improve solution (0.21 seconds)
Cbc0038I After 0.21 seconds - Feasibility pump exiting with objective of 99331 - took 0.01 seconds
Cbc0012I Integer solution of 99331 found by feasibility pump after 0 iterations and 0 nodes (0.21 seconds)
Cbc0001I Search completed - best objective 99331, took 0 iterations and 0 nodes (0.22 seconds)
Cbc0035I Maximum depth 0, 0 variables fixed on reduced cost
Cuts at root node changed objective from 99331 to 99331
Probing was tried 0 times and created 0 cuts of which 0 were active after adding rounds of cuts (0.000 seconds)
Gomory was tried 0 times and created 0 cuts of which 0 were active after adding rounds of cuts (0.000 seconds)
Knapsack was tried 0 times and created 0 cuts of which 0 were active after adding rounds of cuts (0.000 seconds)
Clique was tried 0 times and created 0 cuts of which 0 were active after adding rounds of cuts (0.000 seconds)
MixedIntegerRounding2 was tried 0 times and created 0 cuts of which 0 were active after adding rounds of cuts (0.000 seconds)
FlowCover was tried 0 times and created 0 cuts of which 0 were active after adding rounds of cuts (0.000 seconds)
TwoMirCuts was tried 0 times and created 0 cuts of which 0 were active after adding rounds of cuts (0.000 seconds)
ZeroHalf was tried 0 times and created 0 cuts of which 0 were active after adding rounds of cuts (0.000 seconds)

Result - Optimal solution found

Objective value:                99331.00000000
Enumerated nodes:               0
Total iterations:               0
Time (CPU seconds):             0.20
Time (Wallclock seconds):       0.23

Option for printingOptions changed from normal to all
Total time (CPU seconds):       0.22   (Wallclock seconds):       0.24

Setting parameter infeasibility_detection to true
Setting parameter log_to_console to true
Setting parameter time_limit to 3.000000e+02
cuOpt version: 25.10.1, git hash: 876fcfc, host arch: x86_64, device archs: 70-real,75-real,80-real,86-real,90a-real,100f-real,120a-real,120
CPU: Intel(R) Core(TM) i7-14700K, threads (physical/logical): 20/28, RAM: 11.55 GiB
CUDA 12.9, device: NVIDIA GeForce RTX 5070 Ti (ID 0), VRAM: 15.46 GiB
CUDA device UUID: 4bffffffbf6effffff8f-3a60-0c50-136c-

Solving a problem with 10100 constraints, 10100 variables (10100 integers), and 30000 nonzeros
Problem scaling:
Objective coefficents range:          [5e+01, 9e+03]
Constraint matrix coefficients range: [1e+00, 1e+00]
Constraint rhs / bounds range:        [0e+00, 1e+00]
Variable bounds range:                [0e+00, 1e+00]

Original problem: 10100 constraints, 10100 variables, 30000 nonzeros
Calling Papilo presolver
Presolve status: did not result in any changes
Presolve removed: 0 constraints, 0 variables, 0 nonzeros
Presolved problem: 10100 constraints, 10100 variables, 30000 nonzeros
Papilo presolve time: 0.013092
Objective offset 0.000000 scaling_factor 1.000000
Running presolve!
After trivial presolve: 10100 constraints, 10100 variables, objective offset 0.000000.
Using 7 CPU threads for B&B
Solving LP root relaxation
Scaling matrix. Maximum column norm 7.071068e+00
Dual Simplex Phase 1
Dual feasible solution found.
Dual Simplex Phase 2
 Iter     Objective           Num Inf.  Sum Inf.     Perturb  Time
    1 +0.0000000000000000e+00     100 1.49000000e+00 0.00e+00 0.01
Removed perturbation of 1.30e-06.

Root relaxation solution found in 718 iterations and 0.02s
Root relaxation objective +1.00277000e+05

Optimal solution found at root node. Objective 1.0027700000000000e+05. Time 0.02.
Post-solve status: succeeded
Solution objective: 100277.000000 , relative_mip_gap 0.000000 solution_bound 100277.000000 presolve_time 0.013448 total_solve_time 1.577624 max constraint violation 0.000000 max int violation 0.000000 max var bounds violation 0.000000 nodes 0 simplex_iterations 718
Welcome to the CBC MILP Solver 
Version: 2.10.3 
Build Date: Dec 15 2019 

command line - /home/carlosizq/Investigacion_Carlos_Izquierdo/.venv/lib/python3.12/site-packages/pulp/apis/../solverdir/cbc/linux/i64/cbc /tmp/1675afa94f4844468c8640abd9e1355c-pulp.mps -sec 300 -timeMode elapsed -branch -printingOptions all -solution /tmp/1675afa94f4844468c8640abd9e1355c-pulp.sol (default strategy 1)
At line 2 NAME          MODEL
At line 3 ROWS
At line 10105 COLUMNS
At line 70306 RHS
At line 80407 BOUNDS
At line 90508 ENDATA
Problem MODEL has 10100 rows, 10100 columns and 30000 elements
Coin0008I MODEL read with 0 errors
seconds was changed from 1e+100 to 300
Option for timeMode changed from cpu to elapsed
Continuous objective value is 100277 - 0.11 seconds
Cgl0004I processed model has 10100 rows, 10100 columns (10100 integer (10100 of which binary)) and 30000 elements
Cutoff increment increased from 1e-05 to 0.9999
Cbc0038I Initial state - 0 integers unsatisfied sum - 0
Cbc0038I Solution found of 100277
Cbc0038I Before mini branch and bound, 10100 integers at bound fixed and 0 continuous
Cbc0038I Mini branch and bound did not improve solution (0.21 seconds)
Cbc0038I After 0.21 seconds - Feasibility pump exiting with objective of 100277 - took 0.01 seconds
Cbc0012I Integer solution of 100277 found by feasibility pump after 0 iterations and 0 nodes (0.21 seconds)
Cbc0001I Search completed - best objective 100277, took 0 iterations and 0 nodes (0.21 seconds)
Cbc0035I Maximum depth 0, 0 variables fixed on reduced cost
Cuts at root node changed objective from 100277 to 100277
Probing was tried 0 times and created 0 cuts of which 0 were active after adding rounds of cuts (0.000 seconds)
Gomory was tried 0 times and created 0 cuts of which 0 were active after adding rounds of cuts (0.000 seconds)
Knapsack was tried 0 times and created 0 cuts of which 0 were active after adding rounds of cuts (0.000 seconds)
Clique was tried 0 times and created 0 cuts of which 0 were active after adding rounds of cuts (0.000 seconds)
MixedIntegerRounding2 was tried 0 times and created 0 cuts of which 0 were active after adding rounds of cuts (0.000 seconds)
FlowCover was tried 0 times and created 0 cuts of which 0 were active after adding rounds of cuts (0.000 seconds)
TwoMirCuts was tried 0 times and created 0 cuts of which 0 were active after adding rounds of cuts (0.000 seconds)
ZeroHalf was tried 0 times and created 0 cuts of which 0 were active after adding rounds of cuts (0.000 seconds)

Result - Optimal solution found

Objective value:                100277.00000000
Enumerated nodes:               0
Total iterations:               0
Time (CPU seconds):             0.20
Time (Wallclock seconds):       0.22

Option for printingOptions changed from normal to all
Total time (CPU seconds):       0.22   (Wallclock seconds):       0.24

Setting parameter infeasibility_detection to true
Setting parameter log_to_console to true
Setting parameter time_limit to 3.000000e+02
cuOpt version: 25.10.1, git hash: 876fcfc, host arch: x86_64, device archs: 70-real,75-real,80-real,86-real,90a-real,100f-real,120a-real,120
CPU: Intel(R) Core(TM) i7-14700K, threads (physical/logical): 20/28, RAM: 11.58 GiB
CUDA 12.9, device: NVIDIA GeForce RTX 5070 Ti (ID 0), VRAM: 15.46 GiB
CUDA device UUID: 4bffffffbf6effffff8f-3a60-0c50-136c-

Solving a problem with 10100 constraints, 10100 variables (10100 integers), and 30000 nonzeros
Problem scaling:
Objective coefficents range:          [8e+01, 8e+03]
Constraint matrix coefficients range: [1e+00, 1e+00]
Constraint rhs / bounds range:        [0e+00, 1e+00]
Variable bounds range:                [0e+00, 1e+00]

Original problem: 10100 constraints, 10100 variables, 30000 nonzeros
Calling Papilo presolver
Presolve status: did not result in any changes
Presolve removed: 0 constraints, 0 variables, 0 nonzeros
Presolved problem: 10100 constraints, 10100 variables, 30000 nonzeros
Papilo presolve time: 0.013566
Objective offset 0.000000 scaling_factor 1.000000
Running presolve!
After trivial presolve: 10100 constraints, 10100 variables, objective offset 0.000000.
Using 7 CPU threads for B&B
Solving LP root relaxation
Scaling matrix. Maximum column norm 7.071068e+00
Dual Simplex Phase 1
Dual feasible solution found.
Dual Simplex Phase 2
 Iter     Objective           Num Inf.  Sum Inf.     Perturb  Time
    1 +0.0000000000000000e+00     100 1.49000000e+00 0.00e+00 0.01

Root relaxation solution found in 716 iterations and 0.02s
Root relaxation objective +1.00335000e+05

Optimal solution found at root node. Objective 1.0033499999999999e+05. Time 0.02.
Post-solve status: succeeded
Solution objective: 100335.000000 , relative_mip_gap 0.000000 solution_bound 100335.000000 presolve_time 0.013923 total_solve_time 1.592611 max constraint violation 0.000000 max int violation 0.000000 max var bounds violation 0.000000 nodes 0 simplex_iterations 716
Welcome to the CBC MILP Solver 
Version: 2.10.3 
Build Date: Dec 15 2019 

command line - /home/carlosizq/Investigacion_Carlos_Izquierdo/.venv/lib/python3.12/site-packages/pulp/apis/../solverdir/cbc/linux/i64/cbc /tmp/6fbc1332f5b240ee94fae73a32224900-pulp.mps -sec 300 -timeMode elapsed -branch -printingOptions all -solution /tmp/6fbc1332f5b240ee94fae73a32224900-pulp.sol (default strategy 1)
At line 2 NAME          MODEL
At line 3 ROWS
At line 10105 COLUMNS
At line 70306 RHS
At line 80407 BOUNDS
At line 90508 ENDATA
Problem MODEL has 10100 rows, 10100 columns and 30000 elements
Coin0008I MODEL read with 0 errors
seconds was changed from 1e+100 to 300
Option for timeMode changed from cpu to elapsed
Continuous objective value is 100335 - 0.13 seconds
Cgl0004I processed model has 10100 rows, 10100 columns (10100 integer (10100 of which binary)) and 30000 elements
Cutoff increment increased from 1e-05 to 0.9999
Cbc0038I Initial state - 0 integers unsatisfied sum - 0
Cbc0038I Solution found of 100335
Cbc0038I Before mini branch and bound, 10100 integers at bound fixed and 0 continuous
Cbc0038I Mini branch and bound did not improve solution (0.22 seconds)
Cbc0038I After 0.22 seconds - Feasibility pump exiting with objective of 100335 - took 0.01 seconds
Cbc0012I Integer solution of 100335 found by feasibility pump after 0 iterations and 0 nodes (0.22 seconds)
Cbc0001I Search completed - best objective 100335, took 0 iterations and 0 nodes (0.23 seconds)
Cbc0035I Maximum depth 0, 0 variables fixed on reduced cost
Cuts at root node changed objective from 100335 to 100335
Probing was tried 0 times and created 0 cuts of which 0 were active after adding rounds of cuts (0.000 seconds)
Gomory was tried 0 times and created 0 cuts of which 0 were active after adding rounds of cuts (0.000 seconds)
Knapsack was tried 0 times and created 0 cuts of which 0 were active after adding rounds of cuts (0.000 seconds)
Clique was tried 0 times and created 0 cuts of which 0 were active after adding rounds of cuts (0.000 seconds)
MixedIntegerRounding2 was tried 0 times and created 0 cuts of which 0 were active after adding rounds of cuts (0.000 seconds)
FlowCover was tried 0 times and created 0 cuts of which 0 were active after adding rounds of cuts (0.000 seconds)
TwoMirCuts was tried 0 times and created 0 cuts of which 0 were active after adding rounds of cuts (0.000 seconds)
ZeroHalf was tried 0 times and created 0 cuts of which 0 were active after adding rounds of cuts (0.000 seconds)

Result - Optimal solution found

Objective value:                100335.00000000
Enumerated nodes:               0
Total iterations:               0
Time (CPU seconds):             0.22
Time (Wallclock seconds):       0.24

Option for printingOptions changed from normal to all
Total time (CPU seconds):       0.23   (Wallclock seconds):       0.25

Optimal solution found in 1.65 seconds
Objective value = 95868.0
Optimal solution found in 1.59 seconds
Objective value = 97181.0
Optimal solution found in 1.59 seconds
Objective value = 96116.0
Optimal solution found in 1.68 seconds
Objective value = 98528.0
Optimal solution found in 1.67 seconds
Objective value = 99880.0
Optimal solution found in 1.60 seconds
Objective value = 96459.99999999997
Optimal solution found in 1.58 seconds
Objective value = 99239.0
Optimal solution found in 1.58 seconds
Objective value = 98486.0
Optimal solution found in 1.58 seconds
Objective value = 97578.0
Optimal solution found in 1.58 seconds
Objective value = 100189.0
Optimal solution found in 1.58 seconds
Objective value = 98617.0
Optimal solution found in 1.58 seconds
Objective value = 96938.0
Optimal solution found in 1.58 seconds
Objective value = 94611.0
Optimal solution found in 1.58 seconds
Objective value = 98091.0
Optimal solution found in 1.58 seconds
Objective value = 98238.0
Optimal solution found in 1.58 seconds
Objective value = 97418.99999999999
Optimal solution found in 1.58 seconds
Objective value = 96715.0
Optimal solution found in 1.57 seconds
Objective value = 99195.0
Optimal solution found in 1.58 seconds
Objective value = 96088.0
Optimal solution found in 1.58 seconds
Objective value = 93844.99999999999
Optimal solution found in 1.58 seconds
Objective value = 100651.0
Optimal solution found in 1.58 seconds
Objective value = 98699.0
Optimal solution found in 1.58 seconds
Objective value = 98845.99999999999
Optimal solution found in 1.58 seconds
Objective value = 96212.0
Optimal solution found in 1.59 seconds
Objective value = 102157.0
Optimal solution found in 1.58 seconds
Objective value = 98527.0
Optimal solution found in 1.57 seconds
Objective value = 98373.99999999999
Optimal solution found in 1.58 seconds
Objective value = 99331.0
Optimal solution found in 1.58 seconds
Objective value = 100277.00000000001
Optimal solution found in 1.58 seconds
Objective value = 100335.0
CUOPT status= Optimal
[PuLP_CUOPT] Optimal solution found in 1.65 seconds
[PuLP_CUOPT] Objective value = 95868.0
[PuLP_CBC] Optimal solution found in 0.30 seconds
[PuLP_CBC] Objective value = 95868.0
CUOPT status= Optimal
[PuLP_CUOPT] Optimal solution found in 1.65 seconds
[PuLP_CUOPT] Objective value = 97181.0
[PuLP_CBC] Optimal solution found in 0.28 seconds
[PuLP_CBC] Objective value = 97181.0
CUOPT status= Optimal
[PuLP_CUOPT] Optimal solution found in 1.68 seconds
[PuLP_CUOPT] Objective value = 96116.00000000001
[PuLP_CBC] Optimal solution found in 0.31 seconds
[PuLP_CBC] Objective value = 96116.0
CUOPT status= Optimal
[PuLP_CUOPT] Optimal solution found in 1.66 seconds
[PuLP_CUOPT] Objective value = 98528.0
[PuLP_CBC] Optimal solution found in 0.30 seconds
[PuLP_CBC] Objective value = 98528.0
CUOPT status= Optimal
[PuLP_CUOPT] Optimal solution found in 1.67 seconds
[PuLP_CUOPT] Objective value = 99879.99999999999
[PuLP_CBC] Optimal solution found in 0.31 seconds
[PuLP_CBC] Objective value = 99880.0
CUOPT status= Optimal
[PuLP_CUOPT] Optimal solution found in 1.63 seconds
[PuLP_CUOPT] Objective value = 96460.0
[PuLP_CBC] Optimal solution found in 0.32 seconds
[PuLP_CBC] Objective value = 96460.0
CUOPT status= Optimal
[PuLP_CUOPT] Optimal solution found in 1.63 seconds
[PuLP_CUOPT] Objective value = 99239.0
[PuLP_CBC] Optimal solution found in 0.54 seconds
[PuLP_CBC] Objective value = 99239.0
CUOPT status= Optimal
[PuLP_CUOPT] Optimal solution found in 1.73 seconds
[PuLP_CUOPT] Objective value = 98485.99999999999
[PuLP_CBC] Optimal solution found in 0.29 seconds
[PuLP_CBC] Objective value = 98486.0
CUOPT status= Optimal
[PuLP_CUOPT] Optimal solution found in 1.63 seconds
[PuLP_CUOPT] Objective value = 97578.0
[PuLP_CBC] Optimal solution found in 0.32 seconds
[PuLP_CBC] Objective value = 97578.0
CUOPT status= Optimal
[PuLP_CUOPT] Optimal solution found in 1.62 seconds
[PuLP_CUOPT] Objective value = 100189.0
[PuLP_CBC] Optimal solution found in 0.29 seconds
[PuLP_CBC] Objective value = 100189.0
CUOPT status= Optimal
[PuLP_CUOPT] Optimal solution found in 1.63 seconds
[PuLP_CUOPT] Objective value = 98617.0
[PuLP_CBC] Optimal solution found in 0.29 seconds
[PuLP_CBC] Objective value = 98617.0
CUOPT status= Optimal
[PuLP_CUOPT] Optimal solution found in 1.63 seconds
[PuLP_CUOPT] Objective value = 96938.0
[PuLP_CBC] Optimal solution found in 0.29 seconds
[PuLP_CBC] Objective value = 96938.0
CUOPT status= Optimal
[PuLP_CUOPT] Optimal solution found in 1.64 seconds
[PuLP_CUOPT] Objective value = 94611.0
[PuLP_CBC] Optimal solution found in 0.34 seconds
[PuLP_CBC] Objective value = 94611.0
CUOPT status= Optimal
[PuLP_CUOPT] Optimal solution found in 1.63 seconds
[PuLP_CUOPT] Objective value = 98091.0
[PuLP_CBC] Optimal solution found in 0.30 seconds
[PuLP_CBC] Objective value = 98091.0
CUOPT status= Optimal
[PuLP_CUOPT] Optimal solution found in 1.62 seconds
[PuLP_CUOPT] Objective value = 98238.00000000001
[PuLP_CBC] Optimal solution found in 0.32 seconds
[PuLP_CBC] Objective value = 98238.0
CUOPT status= Optimal
[PuLP_CUOPT] Optimal solution found in 1.74 seconds
[PuLP_CUOPT] Objective value = 97419.0
[PuLP_CBC] Optimal solution found in 0.31 seconds
[PuLP_CBC] Objective value = 97419.0
CUOPT status= Optimal
[PuLP_CUOPT] Optimal solution found in 1.63 seconds
[PuLP_CUOPT] Objective value = 96714.99999999999
[PuLP_CBC] Optimal solution found in 0.31 seconds
[PuLP_CBC] Objective value = 96715.0
CUOPT status= Optimal
[PuLP_CUOPT] Optimal solution found in 1.62 seconds
[PuLP_CUOPT] Objective value = 99194.99999999999
[PuLP_CBC] Optimal solution found in 0.32 seconds
[PuLP_CBC] Objective value = 99195.0
CUOPT status= Optimal
[PuLP_CUOPT] Optimal solution found in 1.65 seconds
[PuLP_CUOPT] Objective value = 96088.0
[PuLP_CBC] Optimal solution found in 0.30 seconds
[PuLP_CBC] Objective value = 96088.0
CUOPT status= Optimal
[PuLP_CUOPT] Optimal solution found in 1.66 seconds
[PuLP_CUOPT] Objective value = 93844.99999999999
[PuLP_CBC] Optimal solution found in 0.29 seconds
[PuLP_CBC] Objective value = 93845.0
CUOPT status= Optimal
[PuLP_CUOPT] Optimal solution found in 1.66 seconds
[PuLP_CUOPT] Objective value = 100651.0
[PuLP_CBC] Optimal solution found in 0.30 seconds
[PuLP_CBC] Objective value = 100651.0
CUOPT status= Optimal
[PuLP_CUOPT] Optimal solution found in 1.65 seconds
[PuLP_CUOPT] Objective value = 98699.0
[PuLP_CBC] Optimal solution found in 0.31 seconds
[PuLP_CBC] Objective value = 98699.0
CUOPT status= Optimal
[PuLP_CUOPT] Optimal solution found in 1.66 seconds
[PuLP_CUOPT] Objective value = 98846.00000000001
[PuLP_CBC] Optimal solution found in 0.30 seconds
[PuLP_CBC] Objective value = 98846.0
CUOPT status= Optimal
[PuLP_CUOPT] Optimal solution found in 1.67 seconds
[PuLP_CUOPT] Objective value = 96211.99999999999
[PuLP_CBC] Optimal solution found in 0.31 seconds
[PuLP_CBC] Objective value = 96212.0
CUOPT status= Optimal
[PuLP_CUOPT] Optimal solution found in 1.67 seconds
[PuLP_CUOPT] Objective value = 102157.0
[PuLP_CBC] Optimal solution found in 0.66 seconds
[PuLP_CBC] Objective value = 102157.0
CUOPT status= Optimal
[PuLP_CUOPT] Optimal solution found in 1.66 seconds
[PuLP_CUOPT] Objective value = 98527.0
[PuLP_CBC] Optimal solution found in 0.30 seconds
[PuLP_CBC] Objective value = 98527.0
CUOPT status= Optimal
[PuLP_CUOPT] Optimal solution found in 1.66 seconds
[PuLP_CUOPT] Objective value = 98374.0
[PuLP_CBC] Optimal solution found in 0.32 seconds
[PuLP_CBC] Objective value = 98374.0
CUOPT status= Optimal
[PuLP_CUOPT] Optimal solution found in 1.65 seconds
[PuLP_CUOPT] Objective value = 99331.0
[PuLP_CBC] Optimal solution found in 0.29 seconds
[PuLP_CBC] Objective value = 99331.0
CUOPT status= Optimal
[PuLP_CUOPT] Optimal solution found in 1.66 seconds
[PuLP_CUOPT] Objective value = 100276.99999999999
[PuLP_CBC] Optimal solution found in 0.29 seconds
[PuLP_CBC] Objective value = 100277.0
CUOPT status= Optimal
[PuLP_CUOPT] Optimal solution found in 1.64 seconds
[PuLP_CUOPT] Objective value = 100335.0
[PuLP_CBC] Optimal solution found in 0.33 seconds
[PuLP_CBC] Objective value = 100335.0
